id_delegacia,nome_departamento,nome_seccional,delegacia,nome_seccional_circ,nome_delegacia_circ
10004,DIRD - DEPTO IDENT.REG.DIV,DIV.POL.PORTO/AERO/PROT.TURIS-DECADE,06º D.P. METROPOLITANO,DEL.SEC.1º CENTRO,03º D.P. CAMPOS ELISEOS
10007,DIRD - DEPTO IDENT.REG.DIV,DIV.POL.PORTO/AERO/PROT.TURIS-DECADE,02º D.P. AEROP/TUR-CONGONHAS,DEL.SEC.2º SUL,27º D.P.  IBIRAPUERA
10008,DIRD - DEPTO IDENT.REG.DIV,DIV.POL.PORTO/AERO/PROT.TURIS-DECADE,01º D.P. ATEND.TURISTA-DEATUR,DEL.SEC.1º CENTRO,01º D.P. SE
10100,DECAP,DEL.SEC.1º CENTRO,DEL.SEC.1ª CENTRO,DEL.SEC.1º CENTRO,03º D.P. CAMPOS ELISEOS
10101,DECAP,DEL.SEC.1º CENTRO,01º D.P. SE,DEL.SEC.1º CENTRO,78º D.P. JARDINS
10102,DECAP,DEL.SEC.1º CENTRO,02º D.P. BOM RETIRO,DEL.SEC.1º CENTRO,03º D.P. CAMPOS ELISEOS
10103,DECAP,DEL.SEC.1º CENTRO,03º D.P. CAMPOS ELISEOS,DEL.SEC.8º SAO MATEUS,49º D.P.  SAO MATEUS
10104,DECAP,DEL.SEC.1º CENTRO,04º D.P. CONSOLAÇÃO,DEL.SEC.1º CENTRO,12º D.P. PARI
10105,DECAP,DEL.SEC.1º CENTRO,05º D.P. ACLIMACAO,DEL.SEC.1º CENTRO,06º D.P. CAMBUCI
10106,DECAP,DEL.SEC.1º CENTRO,06º D.P. CAMBUCI,DEL.SEC.1º CENTRO,06º D.P. CAMBUCI
10108,DECAP,DEL.SEC.1º CENTRO,08º D.P. BRAS,DEL.SEC.1º CENTRO,12º D.P. PARI
10109,DECAP,DEL.SEC.1º CENTRO,01ª DEL.DEF.MUL. CENTRO,DEL.SEC.1º CENTRO,05º D.P. ACLIMACAO
10111,DECAP,DEL.SEC.1º CENTRO,DEL.PROTECAO IDOSO- 1ª SEC.,DEL.SEC.5º LESTE,81º D.P. BELEM
10112,DECAP,DEL.SEC.1º CENTRO,12º D.P. PARI,DEL.SEC.1º CENTRO,12º D.P. PARI
10200,DECAP,DEL.SEC.2º SUL,DEL.SEC.2ª SUL,DEL.SEC.2º SUL,83º D.P. PARQUE BRISTOL
10202,DECAP,DEL.SEC.2º SUL,02ª DEL.DEF.MUL. SUL,DEL.SEC.2º SUL,83º D.P. PARQUE BRISTOL
10204,DECAP,DEL.SEC.2º SUL,DEL.PROTECAO IDOSO- 2ª SEC.,DEL.SEC.1º CENTRO,06º D.P. CAMBUCI
10210,DECAP,DEL.SEC.6º SANTO AMARO,DEL.SEC.6ª SANTO AMARO,DEL.SEC.6º SANTO AMARO,80º D.P. VILA JOANIZA
10211,DECAP,DEL.SEC.6º SANTO AMARO,11º D.P. SANTO AMARO,DEL.SEC.1º CENTRO,01º D.P. SE
10212,DECAP,DEL.SEC.6º SANTO AMARO,DEL.PROTECAO IDOSO- 6ª SEC.,DEL.SEC.6º SANTO AMARO,43º D.P.  CIDADE ADEMAR
10216,DECAP,DEL.SEC.2º SUL,16º D.P. VILA CLEMENTINO,DEL.SEC.2º SUL,16º D.P. VILA CLEMENTINO
10217,DECAP,DEL.SEC.2º SUL,17º D.P.  DOUTOR ALDO GALIANO,DEL.SEC.2º SUL,17º D.P.  DOUTOR ALDO GALIANO
10225,DECAP,DEL.SEC.6º SANTO AMARO,25º D.P.  PARELHEIROS,DEL.SEC.6º SANTO AMARO,25º D.P.  PARELHEIROS
10226,DECAP,DEL.SEC.2º SUL,26º D.P.  SACOMA,DEL.SEC.2º SUL,26º D.P.  SACOMA
10229,DECAP,DEL.SEC.5º LESTE,29º D.P.  VILA PRUDENTE,DEL.SEC.5º LESTE,29º D.P.  VILA PRUDENTE
10235,DECAP,DEL.SEC.2º SUL,35º D.P.  JABAQUARA,DEL.SEC.2º SUL,35º D.P.  JABAQUARA
10236,DECAP,DEL.SEC.2º SUL,36º D.P.  VILA MARIANA,DEL.SEC.2º SUL,36º D.P.  VILA MARIANA
10241,DECAP,DEL.SEC.3º OESTE,37º D.P.  CAMPO LIMPO,DEL.SEC.3º OESTE,37º D.P.  CAMPO LIMPO
10243,DECAP,DEL.SEC.6º SANTO AMARO,43º D.P.  CIDADE ADEMAR,DEL.SEC.6º SANTO AMARO,43º D.P.  CIDADE ADEMAR
10247,DECAP,DEL.SEC.6º SANTO AMARO,47º D.P.  CAPAO REDONDO,DEL.SEC.6º SANTO AMARO,47º D.P.  CAPAO REDONDO
10248,DECAP,DEL.SEC.6º SANTO AMARO,48º D.P.  CIDADE DUTRA,DEL.SEC.6º SANTO AMARO,48º D.P.  CIDADE DUTRA
10302,DECAP,DEL.SEC.3º OESTE,03 DEL.DEF.MUL. OESTE,DEL.SEC.3º OESTE,75º D.P. JARDIM ARPOADOR
10304,DECAP,DEL.SEC.3º OESTE,DEL.PROTECAO IDOSO- 3ª SEC.,DEL.SEC.3º OESTE,23º D.P.  PERDIZES
10307,DECAP,DEL.SEC.3º OESTE,07º D.P. LAPA,DEL.SEC.3º OESTE,07º D.P. LAPA
10308,DECAP,DEL.SEC.5º LESTE,52º D.P.  PARQUE S.JORGE,DEL.SEC.5º LESTE,52º D.P.  PARQUE S.JORGE
10309,DECAP,DEL.SEC.8º SAO MATEUS,55º D.P.  PARQUE S.RAFAEL,DEL.SEC.8º SAO MATEUS,55º D.P.  PARQUE S.RAFAEL
10310,DECAP,DEL.SEC.5º LESTE,56º D.P.  VILA ALPINA,DEL.SEC.5º LESTE,56º D.P.  VILA ALPINA
10311,DECAP,DEL.SEC.5º LESTE,58º D.P. VILA FORMOSA,DEL.SEC.5º LESTE,31º D.P.  VILA CARRAO
10312,DECAP,DEL.SEC.7º ITAQUERA,59º D.P. JARDIM DOS IPES,DEL.SEC.7º ITAQUERA,59º D.P. JARDIM DOS IPES
10314,DECAP,DEL.SEC.3º OESTE,14º D.P. PINHEIROS,DEL.SEC.3º OESTE,51º D.P.  RIO PEQUENO
10315,DECAP,DEL.SEC.3º OESTE,15º D.P. DR. LUC. H BEIGUELMAN,DEL.SEC.3º OESTE,15º D.P. DR. LUC. H BEIGUELMAN
10323,DECAP,DEL.SEC.3º OESTE,23º D.P.  PERDIZES,DEL.SEC.1º CENTRO,03º D.P. CAMPOS ELISEOS
10325,DECAP,DEL.SEC.7º ITAQUERA,62º D.P. ERMELINO MATARAZZO,DEL.SEC.5º LESTE,10º D.P. PENHA DE FRANCA
10326,DECAP,DEL.SEC.7º ITAQUERA,63º D.P. VILA JACUI,DEL.SEC.7º ITAQUERA,64º D.P. CID.AE CARVALHO
10328,DECAP,DEL.SEC.7º ITAQUERA,64º D.P. CID.AE CARVALHO,DEL.SEC.7º ITAQUERA,64º D.P. CID.AE CARVALHO
10329,DECAP,DEL.SEC.8º SAO MATEUS,66º D.P. JDIM ARICANDUVA,DEL.SEC.1º CENTRO,12º D.P. PARI
10330,DECAP,DEL.SEC.2º SUL,27º D.P.  IBIRAPUERA,DEL.SEC.2º SUL,96º D.P. MONÇÕES
10331,DECAP,DEL.SEC.7º ITAQUERA,68º D.P. LAGEADO,DEL.SEC.7º ITAQUERA,68º D.P. LAGEADO
10333,DECAP,DEL.SEC.3º OESTE,33º D.P.  PIRITUBA,DEL.SEC.1º CENTRO,04º D.P. CONSOLAÇÃO
10335,DECAP,DEL.SEC.4º NORTE,72º D.P. VILA PENTEADO,DEL.SEC.4º NORTE,74º D.P. PARADA TAIPAS
10336,DECAP,DEL.SEC.4º NORTE,73º D.P. JACANA,DEL.SEC.4º NORTE,13º D.P. CASA VERDE
10337,DECAP,DEL.SEC.4º NORTE,74º D.P. PARADA TAIPAS,DEL.SEC.4º NORTE,74º D.P. PARADA TAIPAS
10338,DECAP,DEL.SEC.3º OESTE,34º D.P.  MORUMBI,DEL.SEC.3º OESTE,34º D.P.  MORUMBI
10339,DECAP,DEL.SEC.3º OESTE,75º D.P. JARDIM ARPOADOR,DEL.SEC.3º OESTE,75º D.P. JARDIM ARPOADOR
10341,DECAP,DEL.SEC.1º CENTRO,77º D.P. SANTA CECILIA,DEL.SEC.1º CENTRO,04º D.P. CONSOLAÇÃO
10342,DECAP,DEL.SEC.1º CENTRO,78º D.P. JARDINS,DEL.SEC.1º CENTRO,04º D.P. CONSOLAÇÃO
10344,DECAP,DEL.SEC.6º SANTO AMARO,80º D.P. VILA JOANIZA,DEL.SEC.1º CENTRO,01º D.P. SE
10345,DECAP,DEL.SEC.5º LESTE,81º D.P. BELEM,DEL.SEC.5º LESTE,81º D.P. BELEM
10346,DECAP,DEL.SEC.3º OESTE,46º D.P.  PERUS,DEL.SEC.3º OESTE,46º D.P.  PERUS
10349,DECAP,DEL.SEC.6º SANTO AMARO,85º D.P. JARDIM MIRNA,DEL.SEC.6º SANTO AMARO,85º D.P. JARDIM MIRNA
10351,DECAP,DEL.SEC.3º OESTE,51º D.P.  RIO PEQUENO,DEL.SEC.3º OESTE,51º D.P.  RIO PEQUENO
10352,DECAP,DEL.SEC.3º OESTE,87º D.P. V. P. BARRETO,DEL.SEC.3º OESTE,87º D.P. V. P. BARRETO
10353,DECAP,DEL.SEC.8º SAO MATEUS,53º D.P.  PARQUE DO CARMO,DEL.SEC.7º ITAQUERA,32º D.P.  ITAQUERA
10354,DECAP,DEL.SEC.8º SAO MATEUS,54º D.P.  CID. TIRADENTES,DEL.SEC.8º SAO MATEUS,54º D.P.  CID. TIRADENTES
10355,DECAP,DEL.SEC.7º ITAQUERA,67º D.P. JARDIM ROBRU,DEL.SEC.7º ITAQUERA,67º D.P. JARDIM ROBRU
10356,DECAP,DEL.SEC.3º OESTE,89º D.P. JARDIM TABOAO,DEL.SEC.3º OESTE,91º D.P. CEASA
10357,DECAP,DEL.SEC.3º OESTE,91º D.P. CEASA,DEL.SEC.3º OESTE,14º D.P. PINHEIROS
10358,DECAP,DEL.SEC.2º SUL,95º D.P. HELIÓPOLIS,DEL.SEC.2º SUL,26º D.P.  SACOMA
10359,DECAP,DEL.SEC.5º LESTE,57º D.P. PARQUE DA MOOCA,DEL.SEC.5º LESTE,57º D.P. PARQUE DA MOOCA
10360,DECAP,DEL.SEC.7º ITAQUERA,65º D.P. ARTUR ALVIM,DEL.SEC.7º ITAQUERA,65º D.P. ARTUR ALVIM
10361,DECAP,DEL.SEC.8º SAO MATEUS,70º D.P. VILA EMA,DEL.SEC.8º SAO MATEUS,70º D.P. VILA EMA
10362,DECAP,DEL.SEC.8º SAO MATEUS,69º D.P. TEOTONIO VILELA,DEL.SEC.8º SAO MATEUS,41º D.P.  VILA RICA
10363,DECAP,DEL.SEC.2º SUL,83º D.P. PARQUE BRISTOL,DEL.SEC.2º SUL,83º D.P. PARQUE BRISTOL
10365,DECAP,DEL.SEC.4º NORTE,90º D.P. PQ. NOVO MUNDO,DEL.SEC.4º NORTE,90º D.P. PQ. NOVO MUNDO
10366,DECAP,DEL.SEC.6º SANTO AMARO,92º D.P. P. STO ANTONIO,DEL.SEC.6º SANTO AMARO,92º D.P. P. STO ANTONIO
10367,DECAP,DEL.SEC.3º OESTE,93º D.P. JAGUARÉ,DEL.SEC.OSASCO,04º D.P. OSASCO
10369,DECAP,DEL.SEC.2º SUL,96º D.P. MONÇÕES,DEL.SEC.3º OESTE,15º D.P. DR. LUC. H BEIGUELMAN
10370,DECAP,DEL.SEC.2º SUL,97º D.P. AMERICANOPOLIS,DEL.SEC.2º SUL,97º D.P. AMERICANOPOLIS
10371,DECAP,DEL.SEC.6º SANTO AMARO,98º D.P. JARDIM MIRIAM,DEL.SEC.6º SANTO AMARO,98º D.P. JARDIM MIRIAM
10372,DECAP,DEL.SEC.6º SANTO AMARO,99º D.P.  CAMPO GRANDE,DEL.SEC.6º SANTO AMARO,99º D.P.  CAMPO GRANDE
10373,DECAP,DEL.SEC.6º SANTO AMARO,100º D.P. JDIM HERCULANO,DEL.SEC.6º SANTO AMARO,100º D.P. JDIM HERCULANO
10374,DECAP,DEL.SEC.6º SANTO AMARO,101º D.P. JDIM IMBUIAS,DEL.SEC.6º SANTO AMARO,101º D.P. JDIM IMBUIAS
10375,DECAP,DEL.SEC.6º SANTO AMARO,102º D.P. SOCORRO,DEL.SEC.6º SANTO AMARO,102º D.P. SOCORRO
10376,DECAP,DEL.SEC.3º OESTE,09ª DEL.DEF.MUL. OESTE,DEL.SEC.3º OESTE,46º D.P.  PERUS
10601,DECAP,DEL.SEC.6º SANTO AMARO,06ª DEL.DEF.MUL. STO AMARO,DEL.SEC.6º SANTO AMARO,80º D.P. VILA JOANIZA
10610,DECAP,DEL.SEC.2º SUL,ASSESSORIA POL. CIVIL / ALESP,DEL.SEC.6º SANTO AMARO,92º D.P. P. STO ANTONIO
20100,DECAP,DEL.SEC.4º NORTE,DEL.SEC.4ª NORTE,DEL.SEC.1º CENTRO,03º D.P. CAMPOS ELISEOS
20103,DECAP,DEL.SEC.4º NORTE,04ª DEL.DEF.MUL. NORTE,DEL.SEC.4º NORTE,45º D.P.  V BRASILANDIA
20105,DECAP,DEL.SEC.4º NORTE,DEL.PROTECAO IDOSO- 4ª SEC.,DEL.SEC.4º NORTE,20º D.P.  AGUA FRIA
20109,DECAP,DEL.SEC.4º NORTE,09º D.P. - CARANDIRU,DEL.SEC.4º NORTE,09º D.P. - CARANDIRU
20113,DECAP,DEL.SEC.4º NORTE,13º D.P. CASA VERDE,DEL.SEC.4º NORTE,28º D.P.  FREGUESIA DO O
20119,DECAP,DEL.SEC.4º NORTE,19º D.P.  VILA MARIA,DEL.SEC.4º NORTE,19º D.P.  VILA MARIA
20120,DECAP,DEL.SEC.4º NORTE,20º D.P.  AGUA FRIA,DEL.SEC.4º NORTE,20º D.P.  AGUA FRIA
20128,DECAP,DEL.SEC.4º NORTE,28º D.P.  FREGUESIA DO O,DEL.SEC.4º NORTE,28º D.P.  FREGUESIA DO O
20138,DECAP,DEL.SEC.4º NORTE,38º D.P.  VILA AMALIA,DEL.SEC.4º NORTE,13º D.P. CASA VERDE
20139,DECAP,DEL.SEC.4º NORTE,39º D.P.  VILA GUSTAVO,DEL.SEC.4º NORTE,39º D.P.  VILA GUSTAVO
20140,DECAP,DEL.SEC.4º NORTE,40º D.P.  VILA STA MARIA,DEL.SEC.4º NORTE,40º D.P.  VILA STA MARIA
20145,DECAP,DEL.SEC.4º NORTE,45º D.P.  V BRASILANDIA,DEL.SEC.4º NORTE,45º D.P.  V BRASILANDIA
20200,DECAP,DEL.SEC.5º LESTE,DEL.SEC.5ª LESTE,DEL.SEC.1º CENTRO,08º D.P. BRAS
20202,DECAP,DEL.SEC.5º LESTE,05ª DEL.DEF.MUL. LESTE,DEL.SEC.5º LESTE,10º D.P. PENHA DE FRANCA
20204,DECAP,DEL.SEC.5º LESTE,DEL.PROTECAO IDOSO- 5ª SEC.,DEL.SEC.5º LESTE,52º D.P.  PARQUE S.JORGE
20210,DECAP,DEL.SEC.5º LESTE,10º D.P. PENHA DE FRANCA,DEL.SEC.5º LESTE,52º D.P.  PARQUE S.JORGE
20218,DECAP,DEL.SEC.5º LESTE,18º D.P.  ALTO DA MOOCA,DEL.SEC.5º LESTE,18º D.P.  ALTO DA MOOCA
20221,DECAP,DEL.SEC.5º LESTE,21º D.P.  VILA MATILDE,DEL.SEC.5º LESTE,31º D.P.  VILA CARRAO
20222,DECAP,DEL.SEC.7º ITAQUERA,22º D.P.  SAO MIGUEL PTA,DEL.SEC.7º ITAQUERA,22º D.P.  SAO MIGUEL PTA
20224,DECAP,DEL.SEC.7º ITAQUERA,24º D.P.  PONTE RASA,DEL.SEC.7º ITAQUERA,62º D.P. ERMELINO MATARAZZO
20230,DECAP,DEL.SEC.5º LESTE,30º D.P.  TATUAPE,DEL.SEC.5º LESTE,30º D.P.  TATUAPE
20231,DECAP,DEL.SEC.5º LESTE,31º D.P.  VILA CARRAO,DEL.SEC.5º LESTE,31º D.P.  VILA CARRAO
20232,DECAP,DEL.SEC.7º ITAQUERA,32º D.P.  ITAQUERA,DEL.SEC.7º ITAQUERA,68º D.P. LAGEADO
20241,DECAP,DEL.SEC.8º SAO MATEUS,41º D.P.  VILA RICA,DEL.SEC.8º SAO MATEUS,41º D.P.  VILA RICA
20242,DECAP,DEL.SEC.5º LESTE,42º D.P.  PARQUE S. LUCAS,DEL.SEC.5º LESTE,42º D.P.  PARQUE S. LUCAS
20244,DECAP,DEL.SEC.8º SAO MATEUS,44º D.P.  GUAIANAZES,DEL.SEC.8º SAO MATEUS,44º D.P.  GUAIANAZES
20249,DECAP,DEL.SEC.8º SAO MATEUS,49º D.P.  SAO MATEUS,DEL.SEC.8º SAO MATEUS,49º D.P.  SAO MATEUS
20250,DECAP,DEL.SEC.7º ITAQUERA,50º D.P.  ITAIM PAULISTA,DEL.SEC.7º ITAQUERA,68º D.P. LAGEADO
20301,DECAP,DEL.SEC.7º ITAQUERA,103º D.P. COHABII/ITAQU.,DEL.SEC.5º LESTE,56º D.P.  VILA ALPINA
20302,DECAP,DEL.SEC.7º ITAQUERA,07ª DEL.DEF.MUL. ITAQUERA,DEL.SEC.7º ITAQUERA,63º D.P. VILA JACUI
30102,DEMACRO,DEL.SEC.SANTO ANDRÉ,01º D.P. SANTO ANDRÉ,DEL.SEC.SANTO ANDRÉ,03º D.P. SANTO ANDRÉ
30103,DEMACRO,DEL.SEC.SANTO ANDRÉ,02º D.P. SANTO ANDRÉ,DEL.SEC.SANTO ANDRÉ,02º D.P. SANTO ANDRÉ
30104,DEMACRO,DEL.SEC.SANTO ANDRÉ,03º D.P. SANTO ANDRÉ,DEL.SEC.SANTO ANDRÉ,06º D.P. SANTO ANDRÉ
30105,DEMACRO,DEL.SEC.SANTO ANDRÉ,04º D.P. SANTO ANDRÉ,DEL.SEC.SANTO ANDRÉ,06º D.P. SANTO ANDRÉ
30106,DEMACRO,DEL.SEC.SANTO ANDRÉ,05º D.P. SANTO ANDRÉ,DEL.SEC.SANTO ANDRÉ,05º D.P. SANTO ANDRÉ
30107,DEMACRO,DEL.SEC.SANTO ANDRÉ,06º D.P. SANTO ANDRÉ,DEL.SEC.SANTO ANDRÉ,06º D.P. SANTO ANDRÉ
30109,DEMACRO,DEL.SEC.S.BERNARDO DO CAMPO,01º D.P. S.B.C-DR OMAR CASSIM,DEL.SEC.S.BERNARDO DO CAMPO,01º D.P. S.B.C-DR OMAR CASSIM
30110,DEMACRO,DEL.SEC.S.BERNARDO DO CAMPO,02º D.P. S.BERNARDO DO CAMPO,DEL.SEC.S.BERNARDO DO CAMPO,05º D.P. S.BERNARDO DO CAMPO
30111,DEMACRO,DEL.SEC.S.BERNARDO DO CAMPO,03º D.P. S.BERNARDO DO CAMPO,DEL.SEC.S.BERNARDO DO CAMPO,03º D.P. S.BERNARDO DO CAMPO
30112,DEMACRO,DEL.SEC.S.BERNARDO DO CAMPO,DEL.POL.S.CAETANO DO SUL,DEL.SEC.S.BERNARDO DO CAMPO,03º D.P. S.CAETANO DO SUL
30113,DEMACRO,DEL.SEC.S.BERNARDO DO CAMPO,01º D.P. S.CAETANO DO SUL,DEL.SEC.S.BERNARDO DO CAMPO,01º D.P. S.CAETANO DO SUL
30114,DEMACRO,DEL.SEC.S.BERNARDO DO CAMPO,02º D.P. S.CAETANO DO SUL,DEL.SEC.S.BERNARDO DO CAMPO,02º D.P. S.CAETANO DO SUL
30116,DEMACRO,DEL.SEC.SANTO ANDRÉ,DEL.POL.MAUA,DEL.SEC.SANTO ANDRÉ,01º D.P. MAUA
30117,DEMACRO,DEL.SEC.SANTO ANDRÉ,DEL.POL.RIBEIRAO PIRES,DEL.SEC.SANTO ANDRÉ,DEL.POL.RIBEIRAO PIRES
30118,DEMACRO,DEL.SEC.SANTO ANDRÉ,DEL.POL.RIO GRANDE DA SERRA,DEL.SEC.SANTO ANDRÉ,DEL.POL.RIBEIRAO PIRES
30119,DEMACRO,DEL.SEC.S.BERNARDO DO CAMPO,04º D.P. S.BERNARDO DO CAMPO,DEL.SEC.8º SAO MATEUS,55º D.P.  PARQUE S.RAFAEL
30121,DEMACRO,DEL.SEC.S.BERNARDO DO CAMPO,05º D.P. S.BERNARDO DO CAMPO,DEL.SEC.S.BERNARDO DO CAMPO,05º D.P. S.BERNARDO DO CAMPO
30122,DEMACRO,DEL.SEC.DIADEMA,01º D.P. DIADEMA,DEL.SEC.DIADEMA,01º D.P. DIADEMA
30123,DEMACRO,DEL.SEC.DIADEMA,02º D.P. DIADEMA,DEL.SEC.DIADEMA,02º D.P. DIADEMA
30124,DEMACRO,DEL.SEC.SANTO ANDRÉ,01º D.P. MAUA,DEL.SEC.SANTO ANDRÉ,01º D.P. MAUA
30125,DEMACRO,DEL.SEC.SANTO ANDRÉ,02º D.P. MAUA,DEL.SEC.SANTO ANDRÉ,02º D.P. MAUA
30126,DEMACRO,DEL.SEC.S.BERNARDO DO CAMPO,06º D.P. S.BERNARDO DO CAMPO,DEL.SEC.S.BERNARDO DO CAMPO,06º D.P. S.BERNARDO DO CAMPO
30127,DEMACRO,DEL.SEC.DIADEMA,03º D.P. DIADEMA,DEL.SEC.DIADEMA,04º D.P. DIADEMA
30129,DEMACRO,DEL.SEC.DIADEMA,04º D.P. DIADEMA,DEL.SEC.DIADEMA,04º D.P. DIADEMA
30130,DEMACRO,DEL.SEC.SANTO ANDRÉ,03º D.P. MAUA,DEL.SEC.SANTO ANDRÉ,03º D.P. MAUA
30132,DEMACRO,DEL.SEC.S.BERNARDO DO CAMPO,03º D.P. S.CAETANO DO SUL,DEL.SEC.S.BERNARDO DO CAMPO,03º D.P. S.CAETANO DO SUL
30135,DEMACRO,DEL.SEC.S.BERNARDO DO CAMPO,07º D.P. S.BERNARDO DO CAMPO,DEL.SEC.S.BERNARDO DO CAMPO,07º D.P. S.BERNARDO DO CAMPO
30138,DEMACRO,DEL.SEC.S.BERNARDO DO CAMPO,08º D.P. S.BERNARDO DO CAMPO,DEL.SEC.S.BERNARDO DO CAMPO,08º D.P. S.BERNARDO DO CAMPO
30145,DEMACRO,DEL.SEC.DIADEMA,DEL.DEF.MUL. DIADEMA,DEL.SEC.DIADEMA,03º D.P. DIADEMA
30201,DEMACRO,DEL.SEC.GUARULHOS,DEL.POL.ARUJA,DEL.SEC.GUARULHOS,DEL.POL.ARUJA
30202,DEMACRO,DEL.SEC.FRANCO DA ROCHA,DEL.POL.CAIEIRAS,DEL.SEC.FRANCO DA ROCHA,DEL.POL.CAIEIRAS
30203,DEMACRO,DEL.SEC.FRANCO DA ROCHA,DEL.POL.FRANCISCO MORATO,DEL.SEC.FRANCO DA ROCHA,DEL.POL.FRANCISCO MORATO
30204,DEMACRO,DEL.SEC.FRANCO DA ROCHA,DEL.POL.FRANCO ROCHA,DEL.SEC.FRANCO DA ROCHA,DEL.POL.FRANCO ROCHA
30206,DEMACRO,DEL.SEC.GUARULHOS,01º D.P. GUARULHOS,DEL.SEC.GUARULHOS,06º D.P. GUARULHOS
30207,DEMACRO,DEL.SEC.GUARULHOS,02º D.P. GUARULHOS,DEL.SEC.GUARULHOS,01º D.P. GUARULHOS
30208,DEMACRO,DEL.SEC.GUARULHOS,03º D.P. GUARULHOS,DEL.SEC.GUARULHOS,03º D.P. GUARULHOS
30209,DEMACRO,DEL.SEC.GUARULHOS,NUCLEO DE ROUBO DE CARGAS,DEL.SEC.GUARULHOS,04º D.P. GUARULHOS
30210,DEMACRO,DEL.SEC.FRANCO DA ROCHA,DEL.POL.MAIRIPORÃ,DEL.SEC.FRANCO DA ROCHA,DEL.POL.MAIRIPORÃ
30211,DEMACRO,DEL.SEC.GUARULHOS,DEL.POL.STA ISABEL,DEL.SEC.GUARULHOS,DEL.POL.STA ISABEL
30212,DEMACRO,DEL.SEC.GUARULHOS,04º D.P. GUARULHOS,DEL.SEC.GUARULHOS,08º D.P. GUARULHOS
30213,DIRD - DEPTO IDENT.REG.DIV,DIV.POL.PORTO/AERO/PROT.TURIS-DECADE,03º D.P. AEROP/TUR-GUARULHOS,DEL.SEC.4º NORTE,73º D.P. JACANA
30215,DEMACRO,DEL.SEC.GUARULHOS,05º D.P. GUARULHOS,DEL.SEC.5º LESTE,30º D.P.  TATUAPE
30216,DEMACRO,DEL.SEC.GUARULHOS,06º D.P. GUARULHOS,DEL.SEC.GUARULHOS,06º D.P. GUARULHOS
30217,DEMACRO,DEL.SEC.GUARULHOS,07º D.P. GUARULHOS,DEL.SEC.GUARULHOS,07º D.P. GUARULHOS
30218,DEMACRO,DEL.SEC.GUARULHOS,08º D.P. GUARULHOS,DEL.SEC.GUARULHOS,03º D.P. GUARULHOS
30219,DEMACRO,DEL.SEC.GUARULHOS,DEL.DEF.MUL. GUARULHOS,DEL.SEC.GUARULHOS,03º D.P. GUARULHOS
30220,DEMACRO,DEL.SEC.GUARULHOS,SETOR HOM.SEC. GUARULHOS,DEL.SEC.GUARULHOS,04º D.P. GUARULHOS
30221,DEMACRO,DEL.SEC.GUARULHOS,09º D.P. GUARULHOS,DEL.SEC.2º SUL,16º D.P. VILA CLEMENTINO
30222,DEMACRO,DEL.SEC.GUARULHOS,DISE- DEL.SEC.GUARULHOS,DEL.SEC.GUARULHOS,07º D.P. GUARULHOS
30223,DEMACRO,DEL.SEC.FRANCO DA ROCHA,DEL.DEF.MUL. FRANCISCO MORATO,DEL.SEC.FRANCO DA ROCHA,DEL.POL.FRANCISCO MORATO
30224,DEMACRO,DEL.SEC.GUARULHOS,DEL.INV.M.AMB.GUARULHOS,DEL.SEC.7º ITAQUERA,68º D.P. LAGEADO
30225,DEMACRO,DEL.SEC.GUARULHOS,DEL.PROTECAO IDOSO GUARULHOS,DEL.SEC.GUARULHOS,01º D.P. GUARULHOS
30228,DEMACRO,DEL.SEC.FRANCO DA ROCHA,01º D.P. MAIRIPORÃ,DEL.SEC.FRANCO DA ROCHA,01º D.P. MAIRIPORÃ
30300,DEMACRO,DEL.SEC.MOGI DAS CRUZES,DEL.SEC.MOGI DAS CRUZES,DEL.SEC.7º ITAQUERA,50º D.P.  ITAIM PAULISTA
30301,DEMACRO,DEL.SEC.MOGI DAS CRUZES,DEL.POL.BIRITIBA MIRIM,DEL.SEC.MOGI DAS CRUZES,DEL.POL.BIRITIBA MIRIM
30302,DEMACRO,DEL.SEC.MOGI DAS CRUZES,DEL.POL.FERRAZ DE VASCONCELOS,DEL.SEC.7º ITAQUERA,68º D.P. LAGEADO
30303,DEMACRO,DEL.SEC.MOGI DAS CRUZES,DEL.POL.GUARAREMA,DEL.SEC.MOGI DAS CRUZES,DEL.POL.GUARAREMA
30304,DEMACRO,DEL.SEC.MOGI DAS CRUZES,DEL.POL.ITAQUAQUECETUBA,DEL.SEC.MOGI DAS CRUZES,DEL.POL.ITAQUAQUECETUBA
30306,DEMACRO,DEL.SEC.MOGI DAS CRUZES,01º D.P. MOGI DAS CRUZES,DEL.SEC.MOGI DAS CRUZES,01º D.P. MOGI DAS CRUZES
30307,DEMACRO,DEL.SEC.MOGI DAS CRUZES,02º D.P. MOGI DAS CRUZES,DEL.SEC.MOGI DAS CRUZES,02º D.P. MOGI DAS CRUZES
30308,DEMACRO,DEL.SEC.MOGI DAS CRUZES,DEL.POL.POA,DEL.SEC.MOGI DAS CRUZES,DEL.POL.POA
30309,DEMACRO,DEL.SEC.MOGI DAS CRUZES,DEL.POL.SUZANO,DEL.SEC.MOGI DAS CRUZES,DEL.POL.SUZANO
30311,DEMACRO,DEL.SEC.MOGI DAS CRUZES,03º D.P. MOGI DAS CRUZES,DEL.SEC.MOGI DAS CRUZES,03º D.P. MOGI DAS CRUZES
30312,DEMACRO,DEL.SEC.MOGI DAS CRUZES,DEL.DEF.MUL. MOGI DAS CRUZES,DEL.SEC.MOGI DAS CRUZES,02º D.P. MOGI DAS CRUZES
30313,DEMACRO,DEL.SEC.MOGI DAS CRUZES,04º D.P. MOGI DAS CRUZES,DEL.SEC.MOGI DAS CRUZES,04º D.P. MOGI DAS CRUZES
30314,DEMACRO,DEL.SEC.MOGI DAS CRUZES,DISE- DEL.SEC.MOGI DAS CRUZES,DEL.SEC.MOGI DAS CRUZES,04º D.P. MOGI DAS CRUZES
30315,DEMACRO,DEL.SEC.MOGI DAS CRUZES,SETOR HOM.SEC. MOGI CRUZES,DEL.SEC.MOGI DAS CRUZES,DEL.POL.ITAQUAQUECETUBA
30316,DEMACRO,DEL.SEC.MOGI DAS CRUZES,DEL.INV.M.AMB.MOGI DAS CRUZES,DEL.SEC.MOGI DAS CRUZES,01º D.P. MOGI DAS CRUZES
30317,DEMACRO,DEL.SEC.MOGI DAS CRUZES,DEL.PROTECAO IDOSO MOGI CRUZES,DEL.SEC.MOGI DAS CRUZES,01º D.P. MOGI DAS CRUZES
30320,DEMACRO,DEL.SEC.MOGI DAS CRUZES,01º D.P. SUZANO,DEL.SEC.MOGI DAS CRUZES,01º D.P. SUZANO
30321,DEMACRO,DEL.SEC.MOGI DAS CRUZES,02º D.P. SUZANO,DEL.SEC.MOGI DAS CRUZES,02º D.P. SUZANO
30325,DEMACRO,DEL.SEC.MOGI DAS CRUZES,DEL.DEF.MUL. SUZANO,DEL.SEC.MOGI DAS CRUZES,DEL.POL.SUZANO
30331,DEMACRO,DEL.SEC.MOGI DAS CRUZES,01º D.P. FERRAZ VASCONCELOS,DEL.SEC.MOGI DAS CRUZES,01º D.P. FERRAZ VASCONCELOS
30401,DEMACRO,DEL.SEC.CARAPICUIBA,DEL.POL.BARUERI,DEL.SEC.CARAPICUIBA,DEL.POL.BARUERI
30403,DEMACRO,DEL.SEC.CARAPICUIBA,DEL.POL.COTIA,DEL.SEC.CARAPICUIBA,DEL.POL.VARGEM GRANDE PTA
30404,DEMACRO,DEL.SEC.TABOÃO DA SERRA,DEL.POL.EMBU DAS ARTES,DEL.SEC.TABOÃO DA SERRA,DEL.POL.EMBU DAS ARTES
30405,DEMACRO,DEL.SEC.TABOÃO DA SERRA,DEL.POL.EMBU-GUAÇU,DEL.SEC.TABOÃO DA SERRA,DEL.POL.EMBU-GUAÇU
30406,DEMACRO,DEL.SEC.TABOÃO DA SERRA,DEL.POL.ITAPECERICA DA SERRA,DEL.SEC.TABOÃO DA SERRA,DEL.POL.ITAPECERICA DA SERRA
30407,DEMACRO,DEL.SEC.CARAPICUIBA,DEL.POL.ITAPEVI,DEL.SEC.CARAPICUIBA,DEL.POL.ITAPEVI
30408,DEMACRO,DEL.SEC.CARAPICUIBA,DEL.POL.JANDIRA,DEL.SEC.CARAPICUIBA,DEL.POL.ITAPEVI
30409,DEMACRO,DEL.SEC.TABOÃO DA SERRA,DEL.POL.JUQUITIBA,DEL.SEC.TABOÃO DA SERRA,02º D.P. TABOÃO DA SERRA
30411,DEMACRO,DEL.SEC.OSASCO,01º D.P. OSASCO,DEL.SEC.OSASCO,02º D.P. OSASCO
30412,DEMACRO,DEL.SEC.OSASCO,02º D.P. OSASCO,DEL.SEC.OSASCO,02º D.P. OSASCO
30413,DEMACRO,DEL.SEC.OSASCO,03º D.P. OSASCO,DEL.SEC.OSASCO,03º D.P. OSASCO
30414,DEMACRO,DEL.SEC.CARAPICUIBA,DEL.POL.PIRAPORA DO BOM JESUS,DEL.SEC.CARAPICUIBA,DEL.POL.PIRAPORA DO BOM JESUS
30415,DEMACRO,DEL.SEC.CARAPICUIBA,DEL.POL.SANTANA DE PARNAIBA,DEL.SEC.CARAPICUIBA,DEL.POL.SANTANA DE PARNAIBA
30417,DEMACRO,DEL.SEC.OSASCO,04º D.P. OSASCO,DEL.SEC.OSASCO,04º D.P. OSASCO
30418,DEMACRO,DEL.SEC.OSASCO,05º D.P. OSASCO,DEL.SEC.OSASCO,06º D.P. OSASCO
30419,DEMACRO,DEL.SEC.OSASCO,06º D.P. OSASCO,DEL.SEC.OSASCO,06º D.P. OSASCO
30420,DEMACRO,DEL.SEC.CARAPICUIBA,DEL.POL.VARGEM GRANDE PTA,DEL.SEC.CARAPICUIBA,DEL.POL.VARGEM GRANDE PTA
30422,DEMACRO,DEL.SEC.OSASCO,DEL.DEF.MUL. OSASCO,DEL.SEC.OSASCO,02º D.P. OSASCO
30423,DEMACRO,DEL.SEC.CARAPICUIBA,01º D.P. COTIA,DEL.SEC.CARAPICUIBA,01º D.P. COTIA
30424,DEMACRO,DEL.SEC.CARAPICUIBA,02º D.P. COTIA,DEL.SEC.CARAPICUIBA,02º D.P. COTIA
30425,DEMACRO,DEL.SEC.TABOÃO DA SERRA,01º D.P. ITAPECERICA DA SERRA,DEL.SEC.TABOÃO DA SERRA,01º D.P. ITAPECERICA DA SERRA
30426,DEMACRO,DEL.SEC.TABOÃO DA SERRA,01º D.P. EMBU DAS ARTES,DEL.SEC.TABOÃO DA SERRA,01º D.P. EMBU DAS ARTES
30427,DEMACRO,DEL.SEC.CARAPICUIBA,01º D.P. CARAPICUIBA,DEL.SEC.CARAPICUIBA,01º D.P. CARAPICUIBA
30428,DEMACRO,DEL.SEC.CARAPICUIBA,DEL.DEF.MUL. CARAPICUIBA,DEL.SEC.CARAPICUIBA,02º D.P. CARAPICUIBA
30429,DEMACRO,DEL.SEC.OSASCO,07º D.P. OSASCO,DEL.SEC.3º OESTE,46º D.P.  PERUS
30430,DEMACRO,DEL.SEC.OSASCO,SETOR HOM.SEC. OSASCO,DEL.SEC.OSASCO,06º D.P. OSASCO
30431,DEMACRO,DEL.SEC.OSASCO,DISE- DEL.SEC.OSASCO,DEL.SEC.OSASCO,02º D.P. OSASCO
30432,DEMACRO,DEL.SEC.CARAPICUIBA,02º D.P. CARAPICUIBA,DEL.SEC.CARAPICUIBA,02º D.P. CARAPICUIBA
30433,DEMACRO,DEL.SEC.CARAPICUIBA,03º D.P. CARAPICUIBA,DEL.SEC.CARAPICUIBA,03º D.P. CARAPICUIBA
30434,DEMACRO,DEL.SEC.CARAPICUIBA,DEL.DEF.MUL. COTIA,DEL.SEC.CARAPICUIBA,DEL.POL.COTIA
30435,DEMACRO,DEL.SEC.OSASCO,08º D.P. OSASCO,DEL.SEC.OSASCO,08º D.P. OSASCO
30436,DEMACRO,DEL.SEC.OSASCO,09º D.P. OSASCO,DEL.SEC.OSASCO,09º D.P. OSASCO
30437,DEMACRO,DEL.SEC.OSASCO,DEL.INV.M.AMB.OSASCO,DEL.SEC.4º NORTE,72º D.P. VILA PENTEADO
30438,DEMACRO,DEL.SEC.OSASCO,DEL.PROTECAO IDOSO OSASCO,DEL.SEC.OSASCO,09º D.P. OSASCO
30440,DEMACRO,DEL.SEC.OSASCO,10º D.P. OSASCO,DEL.SEC.GUARULHOS,08º D.P. GUARULHOS
30441,DEMACRO,DEL.SEC.CARAPICUIBA,01º D.P. BARUERI,DEL.SEC.CARAPICUIBA,01º D.P. BARUERI
30500,DEMACRO,DEL.SEC.MOGI DAS CRUZES,01º D.P. ITAQUAQUECETUBA,DEL.SEC.MOGI DAS CRUZES,01º D.P. ITAQUAQUECETUBA
30609,DEMACRO,DEL.SEC.CARAPICUIBA,02º D.P. BARUERI,DEL.SEC.4º NORTE,19º D.P.  VILA MARIA
30613,DEMACRO,DEL.SEC.CARAPICUIBA,DEL.DEF.MUL. BARUERI,DEL.SEC.CARAPICUIBA,DEL.POL.BARUERI
30614,DEMACRO,DEL.SEC.TABOÃO DA SERRA,01º D.P. TABOÃO DA SERRA,DEL.SEC.TABOÃO DA SERRA,02º D.P. TABOÃO DA SERRA
30615,DEMACRO,DEL.SEC.FRANCO DA ROCHA,01º D.P. CAIEIRAS,DEL.SEC.CARAPICUIBA,DEL.POL.SANTANA DE PARNAIBA
30616,DEMACRO,DEL.SEC.TABOÃO DA SERRA,02º D.P. TABOÃO DA SERRA,DEL.SEC.TABOÃO DA SERRA,02º D.P. TABOÃO DA SERRA
30632,DEMACRO,DEL.SEC.MOGI DAS CRUZES,DEL.POL.PLANT  ITAQUAQUECETUBA,DEL.SEC.MOGI DAS CRUZES,01º D.P. ITAQUAQUECETUBA
30641,DEMACRO,DEL.SEC.MOGI DAS CRUZES,SIG.DEL.SEC.MOGI DAS CRUZES,DEL.SEC.MOGI DAS CRUZES,04º D.P. MOGI DAS CRUZES
30642,DEMACRO,DEL.SEC.FRANCO DA ROCHA,SIG DEL.SEC.FRANCO DA ROCHA,DEL.SEC.FRANCO DA ROCHA,DEL.POL.FRANCO ROCHA
30644,DEMACRO,DEL.SEC.CARAPICUIBA,DEL.DEF.MUL. ITAPEVI,DEL.SEC.CARAPICUIBA,DEL.POL.ITAPEVI
40003,DEINTER 6 - SANTOS,DEL.SEC.SANTOS,DEL.INV.EX.SEQ.SANTOS,DEL.SEC.3º OESTE,91º D.P. CEASA
40101,DEINTER 6 - SANTOS,DEL.SEC.JACUPIRANGA,DEL.POL.CANANEIA,DEL.SEC.MOGI DAS CRUZES,01º D.P. ITAQUAQUECETUBA
40103,DEINTER 6 - SANTOS,DEL.SEC.REGISTRO,DEL.POL.IGUAPE,DEL.SEC.1º CENTRO,01º D.P. SE
40105,DEINTER 6 - SANTOS,DEL.SEC.REGISTRO,DEL.POL.JUQUIA,DEL.SEC.2º SUL,16º D.P. VILA CLEMENTINO
40106,DEINTER 6 - SANTOS,DEL.SEC.REGISTRO,DEL.POL.MIRACATU,DEL.SEC.GUARULHOS,DEL.POL.STA ISABEL
40107,DEINTER 6 - SANTOS,DEL.SEC.JACUPIRANGA,DEL.POL.PARIQUERA ACU,DEL.SEC.TABOÃO DA SERRA,DEL.POL.JUQUITIBA
40111,DEINTER 6 - SANTOS,DEL.SEC.JACUPIRANGA,DEL.POL.BARRA DO TURVO,DEL.SEC.TABOÃO DA SERRA,DEL.POL.JUQUITIBA
40112,DEINTER 6 - SANTOS,DEL.SEC.ITANHAEM,DEL.POL.ITARIRI,DEL.SEC.1º CENTRO,01º D.P. SE
40113,DEINTER 6 - SANTOS,DEL.SEC.REGISTRO,01º D.P. IGUAPE,DEL.SEC.4º NORTE,09º D.P. - CARANDIRU
40115,DEINTER 6 - SANTOS,DEL.SEC.REGISTRO,01º D.P. REGISTRO,DEL.SEC.OSASCO,02º D.P. OSASCO
40116,DEINTER 6 - SANTOS,DEL.SEC.REGISTRO,02º D.P. REGISTRO,DEL.SEC.3º OESTE,46º D.P.  PERUS
40118,DEINTER 6 - SANTOS,DEL.SEC.REGISTRO,DEL.POL.ILHA COMPRIDA,DEL.SEC.6º SANTO AMARO,101º D.P. JDIM IMBUIAS
40121,DEINTER 6 - SANTOS,DEL.SEC.REGISTRO,DEL.INV.GER. REGISTRO,DEL.SEC.6º SANTO AMARO,85º D.P. JARDIM MIRNA
40200,DEINTER 6 - SANTOS,DEL.SEC.SANTOS,DEL.SEC.SANTOS,DEL.SEC.S.BERNARDO DO CAMPO,01º D.P. S.B.C-DR OMAR CASSIM
40201,DEINTER 6 - SANTOS,DEL.SEC.SANTOS,DEL.INV.GER. SANTOS,DEL.SEC.4º NORTE,90º D.P. PQ. NOVO MUNDO
40202,DEINTER 6 - SANTOS,DEL.SEC.SANTOS,DEL.POL.CUBATÃO,DEL.SEC.6º SANTO AMARO,98º D.P. JARDIM MIRIAM
40203,DEINTER 6 - SANTOS,DEL.SEC.SANTOS,DEL.POL.GUARUJA,DEL.SEC.1º CENTRO,06º D.P. CAMBUCI
40204,DEINTER 6 - SANTOS,DEL.SEC.SANTOS,DEL.POL.BERTIOGA,DEL.SEC.MOGI DAS CRUZES,02º D.P. SUZANO
40207,DEINTER 6 - SANTOS,DEL.SEC.ITANHAEM,DEL.POL.MONGAGUA,DEL.SEC.OSASCO,09º D.P. OSASCO
40208,DEINTER 6 - SANTOS,DEL.SEC.ITANHAEM,DEL.POL.PERUIBE,DEL.SEC.TABOÃO DA SERRA,01º D.P. EMBU DAS ARTES
40209,DEINTER 6 - SANTOS,DEL.SEC.SANTOS,DEL.POL.PRAIA GRANDE,DEL.SEC.8º SAO MATEUS,41º D.P.  VILA RICA
40211,DEINTER 6 - SANTOS,DEL.SEC.SANTOS,01º D.P. SANTOS,DEL.SEC.1º CENTRO,01º D.P. SE
40212,DEINTER 6 - SANTOS,DEL.SEC.SANTOS,02º D.P. SANTOS,DEL.SEC.2º SUL,97º D.P. AMERICANOPOLIS
40213,DEINTER 6 - SANTOS,DEL.SEC.SANTOS,03º D.P. SANTOS,DEL.SEC.1º CENTRO,77º D.P. SANTA CECILIA
40214,DEINTER 6 - SANTOS,DEL.SEC.SANTOS,04º D.P. SANTOS,DEL.SEC.1º CENTRO,12º D.P. PARI
40215,DEINTER 6 - SANTOS,DEL.SEC.SANTOS,05º D.P. SANTOS,DEL.SEC.8º SAO MATEUS,49º D.P.  SAO MATEUS
40217,DEINTER 6 - SANTOS,DEL.SEC.SANTOS,DEL.POL.S.VICENTE,DEL.SEC.3º OESTE,34º D.P.  MORUMBI
40218,DEINTER 6 - SANTOS,DEL.SEC.SANTOS,DISE- DEL.SEC.SANTOS,DEL.SEC.MOGI DAS CRUZES,01º D.P. MOGI DAS CRUZES
40219,DEINTER 6 - SANTOS,DEL.SEC.SANTOS,01º D.P. GUARUJA,DEL.SEC.MOGI DAS CRUZES,01º D.P. SUZANO
40225,DEINTER 6 - SANTOS,DEL.SEC.SANTOS,01º D.P. PRAIA GRANDE,DEL.SEC.4º NORTE,28º D.P.  FREGUESIA DO O
40227,DEINTER 6 - SANTOS,DEL.SEC.SANTOS,DEL.DEF.MUL. SANTOS,DEL.SEC.2º SUL,17º D.P.  DOUTOR ALDO GALIANO
40228,DEINTER 6 - SANTOS,DEL.SEC.SANTOS,01º D.P. CUBATÃO,DEL.SEC.S.BERNARDO DO CAMPO,08º D.P. S.BERNARDO DO CAMPO
40229,DEINTER 6 - SANTOS,DEL.SEC.SANTOS,02º D.P. CUBATÃO,DEL.SEC.TABOÃO DA SERRA,DEL.POL.EMBU DAS ARTES
40230,DEINTER 6 - SANTOS,DEL.SEC.SANTOS,DEL.DEF.MUL. S.VICENTE,DEL.SEC.2º SUL,36º D.P.  VILA MARIANA
40231,DEINTER 6 - SANTOS,DEL.SEC.SANTOS,03º D.P. CUBATÃO,DEL.SEC.2º SUL,35º D.P.  JABAQUARA
40232,DEINTER 6 - SANTOS,DEL.SEC.SANTOS,07º D.P. SANTOS,DEL.SEC.2º SUL,95º D.P. HELIÓPOLIS
40233,DEINTER 6 - SANTOS,DEL.SEC.SANTOS,02º D.P. GUARUJA,DEL.SEC.TABOÃO DA SERRA,DEL.POL.EMBU DAS ARTES
40284,DEINTER 6 - SANTOS,DEL.SEC.SANTOS,01º D.P. SÃO VICENTE,DEL.SEC.2º SUL,96º D.P. MONÇÕES
40285,DEINTER 6 - SANTOS,DEL.SEC.SANTOS,02º D.P. SÃO VICENTE,DEL.SEC.S.BERNARDO DO CAMPO,01º D.P. S.B.C-DR OMAR CASSIM
40286,DEINTER 6 - SANTOS,DEL.SEC.SANTOS,03º D.P. SÃO VICENTE,DEL.SEC.2º SUL,96º D.P. MONÇÕES
40301,DEINTER 1 - SAO JOSE DOS CAMPOS,DEL.SEC.S.SEBASTIAO,DEL.POL.CARAGUATATUBA,DEL.SEC.6º SANTO AMARO,43º D.P.  CIDADE ADEMAR
40302,DEINTER 1 - SAO JOSE DOS CAMPOS,DEL.SEC.S.SEBASTIAO,DEL.POL.ILHABELA,DEL.SEC.2º SUL,27º D.P.  IBIRAPUERA
40304,DEINTER 1 - SAO JOSE DOS CAMPOS,DEL.SEC.S.SEBASTIAO,DEL.POL.UBATUBA,DEL.SEC.3º OESTE,15º D.P. DR. LUC. H BEIGUELMAN
40305,DEINTER 1 - SAO JOSE DOS CAMPOS,DEL.SEC.S.SEBASTIAO,01º D.P. S.SEBASTIÃO,DEL.SEC.MOGI DAS CRUZES,DEL.POL.GUARAREMA
40306,DEINTER 1 - SAO JOSE DOS CAMPOS,DEL.SEC.S.SEBASTIAO,02º D.P. S. SEBASTIAO,DEL.SEC.GUARULHOS,06º D.P. GUARULHOS
40309,DEINTER 1 - SAO JOSE DOS CAMPOS,DEL.SEC.S.SEBASTIAO,DEL.DEF.MUL. CARAGUATATUBA,DEL.SEC.4º NORTE,28º D.P.  FREGUESIA DO O
40312,DEINTER 1 - SAO JOSE DOS CAMPOS,DEL.SEC.S.SEBASTIAO,01º D.P. CARAGUATATUBA,DEL.SEC.3º OESTE,91º D.P. CEASA
40401,DEINTER 6 - SANTOS,DEL.SEC.ITANHAEM,01º D.P. ITANHAEM,DEL.SEC.1º CENTRO,12º D.P. PARI
40402,DEINTER 6 - SANTOS,DEL.SEC.ITANHAEM,02º D.P. ITANHAEM,DEL.SEC.8º SAO MATEUS,66º D.P. JDIM ARICANDUVA
40403,DEINTER 6 - SANTOS,DEL.SEC.ITANHAEM,03º D.P. ITANHAEM,DEL.SEC.1º CENTRO,08º D.P. BRAS
40404,DEINTER 6 - SANTOS,DEL.SEC.SANTOS,DEL.DEF.MUL. GUARUJA,DEL.SEC.8º SAO MATEUS,54º D.P.  CID. TIRADENTES
40407,DEINTER 6 - SANTOS,DEL.SEC.ITANHAEM,01º D.P. PERUIBE,DEL.SEC.1º CENTRO,12º D.P. PARI
40408,DEINTER 6 - SANTOS,DEL.SEC.ITANHAEM,DEL.DEF.MUL. PERUIBE,DEL.SEC.CARAPICUIBA,01º D.P. CARAPICUIBA
40409,DEINTER 6 - SANTOS,DEL.SEC.ITANHAEM,01º D.P. MONGAGUA,DEL.SEC.SANTO ANDRÉ,01º D.P. MAUA
40412,DEINTER 6 - SANTOS,DEL.SEC.SANTOS,02º D.P. PRAIA GRANDE,DEL.SEC.TABOÃO DA SERRA,01º D.P. EMBU DAS ARTES
40413,DEINTER 6 - SANTOS,DEL.SEC.SANTOS,DEL.DEF.MUL. PRAIA GRANDE,DEL.SEC.4º NORTE,19º D.P.  VILA MARIA
40414,DEINTER 6 - SANTOS,DEL.SEC.SANTOS,03º D.P. PRAIA GRANDE,DEL.SEC.2º SUL,97º D.P. AMERICANOPOLIS
40415,DEINTER 6 - SANTOS,DEL.SEC.ITANHAEM,02º D.P. MONGAGUA,DEL.SEC.S.BERNARDO DO CAMPO,04º D.P. S.BERNARDO DO CAMPO
40428,DEINTER 6 - SANTOS,DEL.SEC.JACUPIRANGA,DEL.SEC.JACUPIRANGA PLANTÃO,DEL.SEC.TABOÃO DA SERRA,DEL.POL.JUQUITIBA
40429,DEINTER 6 - SANTOS,DEL.SEC.REGISTRO,DEL.SEC.REGISTRO PLANTÃO,DEL.SEC.3º OESTE,91º D.P. CEASA
40436,DEINTER 6 - SANTOS,DEL.SEC.JACUPIRANGA,CENTRAL POL. JUD. JACUPIRANGA,DEL.SEC.TABOÃO DA SERRA,DEL.POL.JUQUITIBA
42428,DEINTER 6 - SANTOS,DEL.SEC.ITANHAEM,DEL.SEC.ITANHAEM PLANTÃO,DEL.SEC.2º SUL,16º D.P. VILA CLEMENTINO
50102,DEINTER 10 - ARAÇATUBA,DEL.SEC.ANDRADINA,DEL.POL.CASTILHO,DEL.SEC.1º CENTRO,12º D.P. PARI
50106,DEINTER 10 - ARAÇATUBA,DEL.SEC.ANDRADINA,DEL.POL.MIRANDOPOLIS,DEL.SEC.OSASCO,04º D.P. OSASCO
50109,DEINTER 10 - ARAÇATUBA,DEL.SEC.ANDRADINA,DEL.POL.PEREIRA BARRETO,DEL.SEC.1º CENTRO,12º D.P. PARI
50111,DEINTER 10 - ARAÇATUBA,DEL.SEC.ANDRADINA,DEL.POL.ILHA SOLTEIRA,DEL.SEC.4º NORTE,74º D.P. PARADA TAIPAS
50112,DEINTER 10 - ARAÇATUBA,DEL.SEC.ARACATUBA,DEL.DEF.MUL. ARAÇATUBA,DEL.SEC.4º NORTE,72º D.P. VILA PENTEADO
50114,DEINTER 10 - ARAÇATUBA,DEL.SEC.ANDRADINA,02º D.P. ANDRADINA,DEL.SEC.3º OESTE,23º D.P.  PERDIZES
50203,DEINTER 10 - ARAÇATUBA,DEL.SEC.ARACATUBA,01º D.P. ARAÇATUBA,DEL.SEC.SANTO ANDRÉ,03º D.P. SANTO ANDRÉ
50209,DEINTER 10 - ARAÇATUBA,DEL.SEC.ARACATUBA,DEL.POL.BIRIGUI,DEL.SEC.1º CENTRO,12º D.P. PARI
50216,DEINTER 10 - ARAÇATUBA,DEL.SEC.ARACATUBA,DEL.POL.LUIZIANIA,DEL.SEC.3º OESTE,23º D.P.  PERDIZES
50217,DEINTER 10 - ARAÇATUBA,DEL.SEC.ARACATUBA,DEL.POL.PENÁPOLIS,DEL.SEC.3º OESTE,33º D.P.  PIRITUBA
50221,DEINTER 10 - ARAÇATUBA,DEL.SEC.ARACATUBA,DEL.POL.VALPARAISO,DEL.SEC.8º SAO MATEUS,44º D.P.  GUAIANAZES
50227,DEINTER 10 - ARAÇATUBA,DEL.SEC.ARACATUBA,DEL.POL.AURIFLAMA,DEL.SEC.6º SANTO AMARO,92º D.P. P. STO ANTONIO
50238,DEINTER 10 - ARAÇATUBA,DEL.SEC.ARACATUBA,DEL.POL.STO ANTONIO  ARACANGUA,DEL.SEC.7º ITAQUERA,24º D.P.  PONTE RASA
50301,DEINTER 10 - ARAÇATUBA,DEL.SEC.ARACATUBA,01º D.P. PENAPOLIS,DEL.SEC.2º SUL,16º D.P. VILA CLEMENTINO
50308,DEINTER 10 - ARAÇATUBA,DEL.SEC.ARACATUBA,DEL.SEC.ARAÇATUBA PLANTÃO,DEL.SEC.6º SANTO AMARO,80º D.P. VILA JOANIZA
50309,DEINTER 10 - ARAÇATUBA,DEL.SEC.ARACATUBA,DEL.POL.PLANTÃO BIRIGUI,DEL.SEC.1º CENTRO,12º D.P. PARI
50310,DEINTER 10 - ARAÇATUBA,DEL.SEC.ARACATUBA,DEL.POL.PLANTÃO PENAPOLIS,DEL.SEC.1º CENTRO,12º D.P. PARI
60101,DEINTER 4 - BAURU,DEL.SEC.BAURU,DEL.POL.AGUDOS,DEL.SEC.1º CENTRO,01º D.P. SE
60107,DEINTER 4 - BAURU,DEL.SEC.BAURU,DEL.POL.CABRÁLIA PAULISTA,DEL.SEC.GUARULHOS,05º D.P. GUARULHOS
60111,DEINTER 4 - BAURU,DEL.SEC.BAURU,DEL.POL.PIRAJUI,DEL.SEC.3º OESTE,23º D.P.  PERDIZES
60118,DEINTER 4 - BAURU,DEL.SEC.BAURU,DEL.POL.UBIRAJARA,DEL.SEC.1º CENTRO,12º D.P. PARI
60122,DEINTER 4 - BAURU,DEL.SEC.BAURU,DEL.POL.MACATUBA,DEL.SEC.8º SAO MATEUS,66º D.P. JDIM ARICANDUVA
60123,DEINTER 4 - BAURU,DEL.SEC.BAURU,DEL.POL.PEDERNEIRAS,DEL.SEC.3º OESTE,23º D.P.  PERDIZES
60202,DEINTER 4 - BAURU,DEL.SEC.JAU,DEL.POL.BARIRI,DEL.SEC.7º ITAQUERA,24º D.P.  PONTE RASA
60203,DEINTER 4 - BAURU,DEL.SEC.JAU,DEL.POL.BARRA BONITA,DEL.SEC.1º CENTRO,78º D.P. JARDINS
60205,DEINTER 4 - BAURU,DEL.SEC.JAU,DEL.POL.BORACEIA,DEL.SEC.1º CENTRO,05º D.P. ACLIMACAO
60301,DEINTER 4 - BAURU,DEL.SEC.LINS,DEL.POL.CAFELÂNDIA,DEL.SEC.1º CENTRO,12º D.P. PARI
60308,DEINTER 4 - BAURU,DEL.SEC.LINS,DEL.POL.PROMISSAO,DEL.SEC.OSASCO,06º D.P. OSASCO
60404,DEINTER 4 - BAURU,DEL.SEC.BAURU,CENTRAL POL.JUDICIÁRIA-BAURU,DEL.SEC.S.BERNARDO DO CAMPO,03º D.P. S.BERNARDO DO CAMPO
60405,DEINTER 4 - BAURU,DEL.SEC.LINS,CENTRAL POL.JUDICIÁRIA-LINS,DEL.SEC.2º SUL,97º D.P. AMERICANOPOLIS
60406,DEINTER 4 - BAURU,DEL.SEC.JAU,CENTRAL POL. JUD. JAÚ,DEL.SEC.4º NORTE,40º D.P.  VILA STA MARIA
70010,DEINTER 2 - CAMPINAS,DEL.SEC.1º CAMPINAS,PLANTÃO - 01 DP CAMPINAS,DEL.SEC.4º NORTE,13º D.P. CASA VERDE
70014,DEINTER 2 - CAMPINAS,DEL.SEC.1º CAMPINAS,PLANTÃO - 04 DP CAMPINAS,DEL.SEC.1º CENTRO,01º D.P. SE
70015,DEINTER 2 - CAMPINAS,DEL.SEC.1º CAMPINAS,PLANTÃO - 05 DP CAMPINAS,DEL.SEC.3º OESTE,15º D.P. DR. LUC. H BEIGUELMAN
70020,DEINTER 2 - CAMPINAS,DEL.SEC.1º CAMPINAS,DEL.POL.PLANTÃO VINHEDO,DEL.SEC.2º SUL,35º D.P.  JABAQUARA
70025,DEINTER 2 - CAMPINAS,DEL.SEC.1º CAMPINAS,DEL.POL.PLANTÃO PAULINIA,DEL.SEC.3º OESTE,34º D.P.  MORUMBI
70101,DEINTER 2 - CAMPINAS,DEL.SEC.BRAGANÇA PAULISTA,DEL.POL.AGUAS DE LINDOIA,DEL.SEC.4º NORTE,13º D.P. CASA VERDE
70103,DEINTER 2 - CAMPINAS,DEL.SEC.BRAGANÇA PAULISTA,DEL.POL.BOM JESUS DOS PERDÕES,DEL.SEC.TABOÃO DA SERRA,02º D.P. TABOÃO DA SERRA
70106,DEINTER 2 - CAMPINAS,DEL.SEC.BRAGANÇA PAULISTA,DEL.POL.JOANÓPOLIS,DEL.SEC.6º SANTO AMARO,25º D.P.  PARELHEIROS
70108,DEINTER 2 - CAMPINAS,DEL.SEC.BRAGANÇA PAULISTA,DEL.POL.NAZARE PAULISTA,DEL.SEC.1º CENTRO,12º D.P. PARI
70110,DEINTER 2 - CAMPINAS,DEL.SEC.BRAGANÇA PAULISTA,DEL.POL.PINHALZINHO,DEL.SEC.SANTO ANDRÉ,06º D.P. SANTO ANDRÉ
70111,DEINTER 2 - CAMPINAS,DEL.SEC.BRAGANÇA PAULISTA,DEL.POL.PIRACAIA,DEL.SEC.1º CENTRO,12º D.P. PARI
70112,DEINTER 2 - CAMPINAS,DEL.SEC.BRAGANÇA PAULISTA,DEL.POL.SERRA NEGRA,DEL.SEC.6º SANTO AMARO,101º D.P. JDIM IMBUIAS
70113,DEINTER 2 - CAMPINAS,DEL.SEC.BRAGANÇA PAULISTA,DEL.POL.SOCORRO,DEL.SEC.4º NORTE,90º D.P. PQ. NOVO MUNDO
70121,DEINTER 2 - CAMPINAS,DEL.SEC.BRAGANÇA PAULISTA,DEL.DEF.MUL. BRAGANÇA PAULISTA,DEL.SEC.6º SANTO AMARO,80º D.P. VILA JOANIZA
70122,DEINTER 2 - CAMPINAS,DEL.SEC.BRAGANÇA PAULISTA,DISE- DEL.SEC.BRAGANÇA PTA,DEL.SEC.1º CENTRO,12º D.P. PARI
70124,DEINTER 2 - CAMPINAS,DEL.SEC.BRAGANÇA PAULISTA,DEL.INV.GER. BRAGANÇA PAULISTA,DEL.SEC.7º ITAQUERA,24º D.P.  PONTE RASA
70200,DEINTER 9 - PIRACICABA,DEL.SEC.CASA BRANCA,DEL.SEC.CASA BRANCA,DEL.SEC.7º ITAQUERA,50º D.P.  ITAIM PAULISTA
70203,DEINTER 9 - PIRACICABA,DEL.SEC.CASA BRANCA,DEL.POL.CASA BRANCA,DEL.SEC.GUARULHOS,08º D.P. GUARULHOS
70206,DEINTER 9 - PIRACICABA,DEL.SEC.CASA BRANCA,DEL.POL.ITOBI,DEL.SEC.2º SUL,97º D.P. AMERICANOPOLIS
70207,DEINTER 9 - PIRACICABA,DEL.SEC.CASA BRANCA,DEL.POL.MOCOCA,DEL.SEC.GUARULHOS,08º D.P. GUARULHOS
70210,DEINTER 9 - PIRACICABA,DEL.SEC.CASA BRANCA,DEL.POL.S.CRUZ DAS PALMEIRAS,DEL.SEC.1º CENTRO,12º D.P. PARI
70212,DEINTER 9 - PIRACICABA,DEL.SEC.CASA BRANCA,DEL.INV.GER. CASA BRANCA,DEL.SEC.3º OESTE,46º D.P.  PERUS
70214,DEINTER 9 - PIRACICABA,DEL.SEC.CASA BRANCA,DEL.POL.S.J.DO RIO PARDO,DEL.SEC.1º CENTRO,12º D.P. PARI
70216,DEINTER 9 - PIRACICABA,DEL.SEC.CASA BRANCA,DEL.POL.TAMBAU,DEL.SEC.1º CENTRO,77º D.P. SANTA CECILIA
70217,DEINTER 9 - PIRACICABA,DEL.SEC.CASA BRANCA,DEL.POL.TAPIRATIBA,DEL.SEC.1º CENTRO,12º D.P. PARI
70219,DEINTER 9 - PIRACICABA,DEL.SEC.CASA BRANCA,DEL.POL.CACONDE,DEL.SEC.1º CENTRO,01º D.P. SE
70302,DEINTER 2 - CAMPINAS,DEL.SEC.2º CAMPINAS,02º D.P. CAMPINAS,DEL.SEC.3º OESTE,23º D.P.  PERDIZES
70303,DEINTER 2 - CAMPINAS,DEL.SEC.1º CAMPINAS,03º D.P. CAMPINAS,DEL.SEC.S.BERNARDO DO CAMPO,03º D.P. S.CAETANO DO SUL
70305,DEINTER 2 - CAMPINAS,DEL.SEC.1º CAMPINAS,05º D.P. CAMPINAS,DEL.SEC.2º SUL,27º D.P.  IBIRAPUERA
70306,DEINTER 2 - CAMPINAS,DEL.SEC.2º CAMPINAS,06º D.P. CAMPINAS,DEL.SEC.8º SAO MATEUS,55º D.P.  PARQUE S.RAFAEL
70309,DEINTER 9 - PIRACICABA,DEL.SEC.AMERICANA,DEL.POL.ARTUR NOGUEIRA,DEL.SEC.6º SANTO AMARO,92º D.P. P. STO ANTONIO
70311,DEINTER 9 - PIRACICABA,DEL.SEC.AMERICANA,DEL.POL.COSMÓPOLIS,DEL.SEC.GUARULHOS,09º D.P. GUARULHOS
70313,DEINTER 2 - CAMPINAS,DEL.SEC.MOGI GUAÇU,DEL.POL.ITAPIRA,DEL.SEC.4º NORTE,13º D.P. CASA VERDE
70314,DEINTER 2 - CAMPINAS,DEL.SEC.MOGI GUAÇU,DEL.POL.JAGUARIUNA,DEL.SEC.FRANCO DA ROCHA,DEL.POL.MAIRIPORÃ
70316,DEINTER 2 - CAMPINAS,DEL.SEC.MOGI GUAÇU,DEL.POL.MOGI-MIRIM,DEL.SEC.FRANCO DA ROCHA,DEL.POL.MAIRIPORÃ
70318,DEINTER 9 - PIRACICABA,DEL.SEC.AMERICANA,DEL.POL.NOVA ODESSA,DEL.SEC.8º SAO MATEUS,49º D.P.  SAO MATEUS
70319,DEINTER 2 - CAMPINAS,DEL.SEC.1º CAMPINAS,DEL.POL.PAULINIA,DEL.SEC.S.BERNARDO DO CAMPO,02º D.P. S.CAETANO DO SUL
70320,DEINTER 2 - CAMPINAS,DEL.SEC.MOGI GUAÇU,DEL.POL.PEDREIRA,DEL.SEC.OSASCO,10º D.P. OSASCO
70321,DEINTER 2 - CAMPINAS,DEL.SEC.MOGI GUAÇU,DEL.POL.SANTO ANTONIO DE POSSE,DEL.SEC.3º OESTE,37º D.P.  CAMPO LIMPO
70323,DEINTER 2 - CAMPINAS,DEL.SEC.1º CAMPINAS,DEL.POL.VALINHOS,DEL.SEC.4º NORTE,09º D.P. - CARANDIRU
70325,DEINTER 2 - CAMPINAS,DEL.SEC.1º CAMPINAS,07º D.P. CAMPINAS,DEL.SEC.1º CENTRO,01º D.P. SE
70326,DEINTER 2 - CAMPINAS,DEL.SEC.2º CAMPINAS,08º D.P. CAMPINAS,DEL.SEC.7º ITAQUERA,64º D.P. CID.AE CARVALHO
70327,DEINTER 2 - CAMPINAS,DEL.SEC.2º CAMPINAS,09º D.P. CAMPINAS,DEL.SEC.3º OESTE,07º D.P. LAPA
70328,DEINTER 9 - PIRACICABA,DEL.SEC.AMERICANA,02º D.P. SUMARE,DEL.SEC.6º SANTO AMARO,11º D.P. SANTO AMARO
70329,DEINTER 9 - PIRACICABA,DEL.SEC.AMERICANA,03º D.P. SUMARE,DEL.SEC.1º CENTRO,01º D.P. SE
70330,DEINTER 9 - PIRACICABA,DEL.SEC.AMERICANA,DEL.POL.MONTE MOR,DEL.SEC.1º CENTRO,02º D.P. BOM RETIRO
70331,DEINTER 9 - PIRACICABA,DEL.SEC.AMERICANA,01º D.P. SANTA BARBARA DOESTE,DEL.SEC.1º CENTRO,04º D.P. CONSOLAÇÃO
70332,DEINTER 9 - PIRACICABA,DEL.SEC.AMERICANA,02º D.P. SANTA BARBARA DOESTE,DEL.SEC.1º CENTRO,12º D.P. PARI
70333,DEINTER 2 - CAMPINAS,DEL.SEC.1º CAMPINAS,DEL.POL.VINHEDO,DEL.SEC.5º LESTE,30º D.P.  TATUAPE
70335,DEINTER 2 - CAMPINAS,DEL.SEC.1º CAMPINAS,1ª DEL.INV.GER. CAMPINAS,DEL.SEC.GUARULHOS,DEL.POL.ARUJA
70337,DEINTER 2 - CAMPINAS,DEL.SEC.1º CAMPINAS,10º D.P. CAMPINAS,DEL.SEC.4º NORTE,40º D.P.  VILA STA MARIA
70338,DEINTER 2 - CAMPINAS,DEL.SEC.2º CAMPINAS,11º D.P. CAMPINAS,DEL.SEC.TABOÃO DA SERRA,DEL.POL.S.LOURENÇO DA SERRA
70339,DIRD - DEPTO IDENT.REG.DIV,DIV.POL.PORTO/AERO/PROT.TURIS-DECADE,04º D.P. AEROP/TUR-VIRACOPOS,DEL.SEC.CARAPICUIBA,02º D.P. BARUERI
70340,DEINTER 9 - PIRACICABA,DEL.SEC.AMERICANA,01º D.P. SUMARE,DEL.SEC.1º CENTRO,03º D.P. CAMPOS ELISEOS
70342,DEINTER 2 - CAMPINAS,DEL.SEC.1º CAMPINAS,12º D.P. CAMPINAS,DEL.SEC.5º LESTE,57º D.P. PARQUE DA MOOCA
70343,DEINTER 2 - CAMPINAS,DEL.SEC.1º CAMPINAS,01ª DEL.DEF.MUL. CAMPINAS,DEL.SEC.1º CENTRO,02º D.P. BOM RETIRO
70347,DEINTER 9 - PIRACICABA,DEL.SEC.AMERICANA,DEL.DEF.MUL. AMERICANA,DEL.SEC.S.BERNARDO DO CAMPO,08º D.P. S.BERNARDO DO CAMPO
70350,DEINTER 9 - PIRACICABA,DEL.SEC.AMERICANA,04º D.P. AMERICANA,DEL.SEC.7º ITAQUERA,64º D.P. CID.AE CARVALHO
70351,DEINTER 2 - CAMPINAS,DEL.SEC.2º CAMPINAS,01º D.P. INDAIATUBA,DEL.SEC.FRANCO DA ROCHA,DEL.POL.MAIRIPORÃ
70352,DEINTER 9 - PIRACICABA,DEL.SEC.AMERICANA,04º D.P. SUMARE,DEL.SEC.FRANCO DA ROCHA,DEL.POL.FRANCO ROCHA
70354,DEINTER 2 - CAMPINAS,DEL.SEC.1º CAMPINAS,01º D.P. VALINHOS,DEL.SEC.8º SAO MATEUS,69º D.P. TEOTONIO VILELA
70357,DEINTER 9 - PIRACICABA,DEL.SEC.AMERICANA,DEL.POL.HORTOLÂNDIA,DEL.SEC.GUARULHOS,01º D.P. GUARULHOS
70358,DEINTER 9 - PIRACICABA,DEL.SEC.AMERICANA,01º D.P. HORTOLÂNDIA,DEL.SEC.2º SUL,27º D.P.  IBIRAPUERA
70366,DEINTER 2 - CAMPINAS,DEL.SEC.2º CAMPINAS,DEL.DEF.MUL. INDAIATUBA,DEL.SEC.MOGI DAS CRUZES,DEL.POL.ITAQUAQUECETUBA
70394,DEINTER 9 - PIRACICABA,DEL.SEC.AMERICANA,DEL.SEC.AMERICANA PLANTÃO,DEL.SEC.GUARULHOS,08º D.P. GUARULHOS
70401,DEMACRO,DEL.SEC.FRANCO DA ROCHA,DEL.POL.CAJAMAR,DEL.SEC.FRANCO DA ROCHA,DEL.POL.CAJAMAR
70402,DEINTER 2 - CAMPINAS,DEL.SEC.JUNDIAI,DEL.POL.CAMPO LIMPO PAULISTA,DEL.SEC.FRANCO DA ROCHA,01º D.P. CAJAMAR
70403,DEINTER 2 - CAMPINAS,DEL.SEC.JUNDIAI,DEL.POL.ITATIBA,DEL.SEC.TABOÃO DA SERRA,01º D.P. ITAPECERICA DA SERRA
70404,DEINTER 2 - CAMPINAS,DEL.SEC.JUNDIAI,DEL.POL.ITUPEVA,DEL.SEC.OSASCO,09º D.P. OSASCO
70406,DEINTER 2 - CAMPINAS,DEL.SEC.JUNDIAI,01º D.P. JUNDIAI,DEL.SEC.1º CENTRO,01º D.P. SE
70407,DEINTER 2 - CAMPINAS,DEL.SEC.JUNDIAI,02º D.P. JUNDIAI,DEL.SEC.TABOÃO DA SERRA,01º D.P. ITAPECERICA DA SERRA
70408,DEINTER 2 - CAMPINAS,DEL.SEC.JUNDIAI,03º D.P. JUNDIAI,DEL.SEC.FRANCO DA ROCHA,01º D.P. CAJAMAR
70409,DEINTER 2 - CAMPINAS,DEL.SEC.JUNDIAI,DEL.POL.LOUVEIRA,DEL.SEC.1º CENTRO,12º D.P. PARI
70410,DEINTER 2 - CAMPINAS,DEL.SEC.JUNDIAI,DEL.POL.MORUNGABA,DEL.SEC.1º CENTRO,03º D.P. CAMPOS ELISEOS
70411,DEINTER 2 - CAMPINAS,DEL.SEC.JUNDIAI,DEL.POL.VARZEA PAULISTA,DEL.SEC.8º SAO MATEUS,49º D.P.  SAO MATEUS
70413,DEINTER 2 - CAMPINAS,DEL.SEC.JUNDIAI,04º D.P. JUNDIAI,DEL.SEC.4º NORTE,73º D.P. JACANA
70414,DEINTER 2 - CAMPINAS,DEL.SEC.JUNDIAI,DEL.POL.CABREÚVA,DEL.SEC.4º NORTE,72º D.P. VILA PENTEADO
70415,DEINTER 2 - CAMPINAS,DEL.SEC.JUNDIAI,DEL.POL.JARINU,DEL.SEC.3º OESTE,91º D.P. CEASA
70416,DEINTER 2 - CAMPINAS,DEL.SEC.JUNDIAI,DEL.DEF.MUL. JUNDIAI,DEL.SEC.3º OESTE,33º D.P.  PIRITUBA
70418,DEINTER 2 - CAMPINAS,DEL.SEC.JUNDIAI,DEL.INV.GER. JUNDIAI,DEL.SEC.5º LESTE,21º D.P.  VILA MATILDE
70419,DEINTER 2 - CAMPINAS,DEL.SEC.JUNDIAI,05º D.P. JUNDIAI,DEL.SEC.1º CENTRO,05º D.P. ACLIMACAO
70421,DEINTER 2 - CAMPINAS,DEL.SEC.JUNDIAI,06º D.P. JUNDIAI,DEL.SEC.S.BERNARDO DO CAMPO,04º D.P. S.BERNARDO DO CAMPO
70424,DEINTER 2 - CAMPINAS,DEL.SEC.JUNDIAI,07º D.P. JUNDIAI,DEL.SEC.6º SANTO AMARO,25º D.P.  PARELHEIROS
70428,DEINTER 2 - CAMPINAS,DEL.SEC.JUNDIAI,01º D.P. CABREÚVA,DEL.SEC.1º CENTRO,01º D.P. SE
70430,DEMACRO,DEL.SEC.FRANCO DA ROCHA,01º D.P. CAJAMAR,DEL.SEC.FRANCO DA ROCHA,01º D.P. CAJAMAR
70504,DEINTER 9 - PIRACICABA,DEL.SEC.PIRACICABA,DEL.POL.CAPIVARI,DEL.SEC.7º ITAQUERA,32º D.P.  ITAQUERA
70508,DEINTER 9 - PIRACICABA,DEL.SEC.PIRACICABA,DEL.POL.ELIAS FAUSTO,DEL.SEC.4º NORTE,28º D.P.  FREGUESIA DO O
70511,DEINTER 9 - PIRACICABA,DEL.SEC.PIRACICABA,DEL.POL.SALTINHO,DEL.SEC.TABOÃO DA SERRA,DEL.POL.ITAPECERICA DA SERRA
70514,DEINTER 9 - PIRACICABA,DEL.SEC.PIRACICABA,DEL.POL.MOMBUCA,DEL.SEC.1º CENTRO,03º D.P. CAMPOS ELISEOS
70517,DEINTER 9 - PIRACICABA,DEL.SEC.PIRACICABA,01º D.P. PIRACICABA,DEL.SEC.3º OESTE,14º D.P. PINHEIROS
70518,DEINTER 9 - PIRACICABA,DEL.SEC.PIRACICABA,02º D.P. PIRACICABA,DEL.SEC.3º OESTE,23º D.P.  PERDIZES
70520,DEINTER 9 - PIRACICABA,DEL.SEC.PIRACICABA,DEL.POL.RAFARD,DEL.SEC.6º SANTO AMARO,47º D.P.  CAPAO REDONDO
70522,DEINTER 9 - PIRACICABA,DEL.SEC.PIRACICABA,DEL.POL.RIO DAS PEDRAS,DEL.SEC.MOGI DAS CRUZES,02º D.P. MOGI DAS CRUZES
70523,DEINTER 9 - PIRACICABA,DEL.SEC.AMERICANA,DEL.POL.S.BARBARA DOESTE,DEL.SEC.1º CENTRO,03º D.P. CAMPOS ELISEOS
70525,DEINTER 9 - PIRACICABA,DEL.SEC.PIRACICABA,DEL.POL.SANTA MARIA DA SERRA,DEL.SEC.SANTO ANDRÉ,01º D.P. SANTO ANDRÉ
70526,DEINTER 9 - PIRACICABA,DEL.SEC.PIRACICABA,DEL.POL.S.PEDRO,DEL.SEC.2º SUL,96º D.P. MONÇÕES
70527,DEINTER 9 - PIRACICABA,DEL.SEC.PIRACICABA,04º D.P. PIRACICABA,DEL.SEC.GUARULHOS,DEL.POL.ARUJA
70528,DEINTER 9 - PIRACICABA,DEL.SEC.PIRACICABA,05º D.P. PIRACICABA,DEL.SEC.3º OESTE,14º D.P. PINHEIROS
70529,DEINTER 9 - PIRACICABA,DEL.SEC.PIRACICABA,DISE- DEL.SEC.PIRACICABA,DEL.SEC.1º CENTRO,04º D.P. CONSOLAÇÃO
70538,DEINTER 9 - PIRACICABA,DEL.SEC.PIRACICABA,DEL.DEF.MUL. PIRACICABA,DEL.SEC.TABOÃO DA SERRA,01º D.P. EMBU DAS ARTES
70540,DEINTER 9 - PIRACICABA,DEL.SEC.AMERICANA,03º D.P. SANTA BARBARA DOESTE,DEL.SEC.1º CENTRO,78º D.P. JARDINS
70603,DEINTER 9 - PIRACICABA,DEL.SEC.RIO CLARO,DEL.POL.CORUMBATAI,DEL.SEC.CARAPICUIBA,02º D.P. COTIA
70604,DEINTER 9 - PIRACICABA,DEL.SEC.RIO CLARO,DEL.POL.IPEÚNA,DEL.SEC.FRANCO DA ROCHA,DEL.POL.FRANCO ROCHA
70605,DEINTER 9 - PIRACICABA,DEL.SEC.RIO CLARO,DEL.POL.ITIRAPINA,DEL.SEC.CARAPICUIBA,DEL.POL.COTIA
70608,DEINTER 9 - PIRACICABA,DEL.SEC.RIO CLARO,DEL.POL.SANTA GERTRUDES,DEL.SEC.1º CENTRO,77º D.P. SANTA CECILIA
70612,DEINTER 9 - PIRACICABA,DEL.SEC.RIO CLARO,DEL.POL.TORRINHA,DEL.SEC.OSASCO,04º D.P. OSASCO
70700,DEINTER 9 - PIRACICABA,DEL.SEC.S.JOÃO DA BOA VISTA,DEL.SEC.S.JOÃO DA BOA VISTA,DEL.SEC.1º CENTRO,77º D.P. SANTA CECILIA
70701,DEINTER 9 - PIRACICABA,DEL.SEC.S.JOÃO DA BOA VISTA,DEL.POL.AGUAI,DEL.SEC.4º NORTE,40º D.P.  VILA STA MARIA
70704,DEINTER 9 - PIRACICABA,DEL.SEC.S.JOÃO DA BOA VISTA,DEL.POL.ESPIRITO STO PINHAL,DEL.SEC.1º CENTRO,02º D.P. BOM RETIRO
70705,DEINTER 9 - PIRACICABA,DEL.SEC.S.JOÃO DA BOA VISTA,DEL.POL.STO ANTONIO JARDIM,DEL.SEC.2º SUL,16º D.P. VILA CLEMENTINO
70708,DEINTER 9 - PIRACICABA,DEL.SEC.S.JOÃO DA BOA VISTA,DEL.POL.VARGEM GRANDE DO SUL,DEL.SEC.TABOÃO DA SERRA,DEL.POL.JUQUITIBA
70801,DEINTER 9 - PIRACICABA,DEL.SEC.LIMEIRA,DEL.POL.CONCHAL,DEL.SEC.1º CENTRO,03º D.P. CAMPOS ELISEOS
70802,DEINTER 9 - PIRACICABA,DEL.SEC.LIMEIRA,DEL.POL.IRACEMÁPOLIS,DEL.SEC.GUARULHOS,08º D.P. GUARULHOS
70803,DEINTER 9 - PIRACICABA,DEL.SEC.LIMEIRA,DEL.POL.S.CRUZ DA CONCEIÇÃO,DEL.SEC.DIADEMA,04º D.P. DIADEMA
70805,DEINTER 9 - PIRACICABA,DEL.SEC.LIMEIRA,DEL.POL.ARARAS,DEL.SEC.1º CENTRO,12º D.P. PARI
70806,DEINTER 9 - PIRACICABA,DEL.SEC.LIMEIRA,DEL.POL.CORDEIRÓPOLIS,DEL.SEC.6º SANTO AMARO,47º D.P.  CAPAO REDONDO
70807,DEINTER 9 - PIRACICABA,DEL.SEC.LIMEIRA,DEL.POL.LEME,DEL.SEC.TABOÃO DA SERRA,DEL.POL.ITAPECERICA DA SERRA
70808,DEINTER 9 - PIRACICABA,DEL.SEC.LIMEIRA,DEL.POL.PIRASSUNUNGA,DEL.SEC.2º SUL,35º D.P.  JABAQUARA
70809,DEINTER 9 - PIRACICABA,DEL.SEC.LIMEIRA,DEL.DEF.MUL. LIMEIRA,DEL.SEC.5º LESTE,42º D.P.  PARQUE S. LUCAS
70810,DEINTER 9 - PIRACICABA,DEL.SEC.LIMEIRA,01º D.P. LIMEIRA,DEL.SEC.3º OESTE,33º D.P.  PIRITUBA
70811,DEINTER 9 - PIRACICABA,DEL.SEC.LIMEIRA,02º D.P. LIMEIRA,DEL.SEC.6º SANTO AMARO,48º D.P.  CIDADE DUTRA
70812,DEINTER 9 - PIRACICABA,DEL.SEC.LIMEIRA,03º D.P. LIMEIRA,DEL.SEC.3º OESTE,33º D.P.  PIRITUBA
70813,DEINTER 9 - PIRACICABA,DEL.SEC.LIMEIRA,04º D.P. LIMEIRA,DEL.SEC.4º NORTE,13º D.P. CASA VERDE
70814,DEINTER 9 - PIRACICABA,DEL.SEC.LIMEIRA,01º D.P. PIRASSUNUNGA,DEL.SEC.S.BERNARDO DO CAMPO,03º D.P. S.BERNARDO DO CAMPO
70901,DEINTER 2 - CAMPINAS,DEL.SEC.MOGI GUAÇU,01º D.P. MOGI-GUAÇÚ,DEL.SEC.4º NORTE,45º D.P.  V BRASILANDIA
70910,DEINTER 9 - PIRACICABA,DEL.SEC.AMERICANA,DEL.POL.ENGENHEIRO COELHO,DEL.SEC.1º CENTRO,03º D.P. CAMPOS ELISEOS
70912,DEINTER 2 - CAMPINAS,DEL.SEC.MOGI GUAÇU,DEL.POL.HOLAMBRA,DEL.SEC.1º CENTRO,03º D.P. CAMPOS ELISEOS
70920,DEINTER 2 - CAMPINAS,DEL.SEC.1º CAMPINAS,13º D.P. CAMPINAS,DEL.SEC.5º LESTE,18º D.P.  ALTO DA MOOCA
70922,DEINTER 9 - PIRACICABA,DEL.SEC.PIRACICABA,DEL.SEC.PIRACICABA PLANTÃO,DEL.SEC.FRANCO DA ROCHA,DEL.POL.CAJAMAR
70923,DEINTER 9 - PIRACICABA,DEL.SEC.LIMEIRA,DEL.SEC.LIMEIRA PLANTÃO,DEL.SEC.6º SANTO AMARO,101º D.P. JDIM IMBUIAS
70924,DEINTER 9 - PIRACICABA,DEL.SEC.RIO CLARO,DEL.SEC.RIO CLARO PLANTÃO,DEL.SEC.2º SUL,96º D.P. MONÇÕES
70925,DEINTER 9 - PIRACICABA,DEL.SEC.AMERICANA,DEL.POL.PLANTÃO S.BARB.DOESTE,DEL.SEC.8º SAO MATEUS,66º D.P. JDIM ARICANDUVA
70926,DEINTER 9 - PIRACICABA,DEL.SEC.AMERICANA,DEL.POL.PLANTÃO SUMARE,DEL.SEC.7º ITAQUERA,32º D.P.  ITAQUERA
70928,DEINTER 9 - PIRACICABA,DEL.SEC.AMERICANA,DEL.POL.PLANTÃO HORTOLÂNDIA,DEL.SEC.OSASCO,05º D.P. OSASCO
70929,DEINTER 2 - CAMPINAS,DEL.SEC.BRAGANÇA PAULISTA,DEL.SEC.BRAG.PTA PLANTÃO,DEL.SEC.4º NORTE,13º D.P. CASA VERDE
70930,DEINTER 2 - CAMPINAS,DEL.SEC.MOGI GUAÇU,DEL.SEC.MOGI-GUAÇÚ PLANTÃO,DEL.SEC.4º NORTE,90º D.P. PQ. NOVO MUNDO
70931,DEINTER 2 - CAMPINAS,DEL.SEC.2º CAMPINAS,DEL.POL.PLANTÃO INDAIATUBA,DEL.SEC.4º NORTE,20º D.P.  AGUA FRIA
70932,DEINTER 2 - CAMPINAS,DEL.SEC.JUNDIAI,DEL.SEC.JUNDIAI PLANTÃO,DEL.SEC.3º OESTE,46º D.P.  PERUS
70934,DEINTER 2 - CAMPINAS,DEL.SEC.BRAGANÇA PAULISTA,DEL.POL.PLANTÃO ATIBAIA,DEL.SEC.6º SANTO AMARO,85º D.P. JARDIM MIRNA
70935,DEINTER 2 - CAMPINAS,DEL.SEC.BRAGANÇA PAULISTA,DEL.POL.PLANTÃO AMPARO,DEL.SEC.4º NORTE,74º D.P. PARADA TAIPAS
70938,DEINTER 2 - CAMPINAS,DEL.SEC.1º CAMPINAS,DEL.POL.PLANTÃO VALINHOS,DEL.SEC.6º SANTO AMARO,85º D.P. JARDIM MIRNA
70942,DEINTER 2 - CAMPINAS,DEL.SEC.2º CAMPINAS,DEL.SEC.2ª CAMPINAS-PLANTÃO,DEL.SEC.3º OESTE,34º D.P.  MORUMBI
80104,DEINTER 4 - BAURU,DEL.SEC.ASSIS,DEL.POL.CÂNDIDO MOTA,DEL.SEC.7º ITAQUERA,24º D.P.  PONTE RASA
80116,DEINTER 4 - BAURU,DEL.SEC.ASSIS,DEL.POL.PALMITAL,DEL.SEC.GUARULHOS,09º D.P. GUARULHOS
80126,DEINTER 4 - BAURU,DEL.SEC.ASSIS,DEL.POL.TARUMA,DEL.SEC.MOGI DAS CRUZES,01º D.P. SUZANO
80204,DEINTER 4 - BAURU,DEL.SEC.MARILIA,DEL.POL.GARÇA,DEL.SEC.1º CENTRO,12º D.P. PARI
80211,DEINTER 4 - BAURU,DEL.SEC.MARILIA,DEL.POL.OCAUCU,DEL.SEC.SANTO ANDRÉ,02º D.P. SANTO ANDRÉ
80212,DEINTER 4 - BAURU,DEL.SEC.MARILIA,DEL.POL.ORIENTE,DEL.SEC.1º CENTRO,12º D.P. PARI
80301,DEINTER 4 - BAURU,DEL.SEC.OURINHOS,DEL.POL.BERNARDINO DE CAMPOS,DEL.SEC.1º CENTRO,01º D.P. SE
80304,DEINTER 4 - BAURU,DEL.SEC.OURINHOS,DEL.POL.IPAUSSU,DEL.SEC.3º OESTE,34º D.P.  MORUMBI
80313,DEINTER 4 - BAURU,DEL.SEC.OURINHOS,DEL.POL.S.CRUZ DO RIO PARDO,DEL.SEC.GUARULHOS,08º D.P. GUARULHOS
80318,DEINTER 4 - BAURU,DEL.SEC.OURINHOS,01º D.P. OURINHOS,DEL.SEC.7º ITAQUERA,22º D.P.  SAO MIGUEL PTA
80401,DEINTER 4 - BAURU,DEL.SEC.TUPÃ,DEL.POL.BASTOS,DEL.SEC.3º OESTE,07º D.P. LAPA
80412,DEINTER 4 - BAURU,DEL.SEC.TUPÃ,DEL.POL.QUATA,DEL.SEC.OSASCO,09º D.P. OSASCO
80504,DEINTER 4 - BAURU,DEL.SEC.MARILIA,DEL.SEC.MARÍLIA PLANTÃO,DEL.SEC.1º CENTRO,04º D.P. CONSOLAÇÃO
80505,DEINTER 4 - BAURU,DEL.SEC.OURINHOS,DEL.SEC.OURINHOS PLANTÃO,DEL.SEC.3º OESTE,23º D.P.  PERDIZES
80509,DEINTER 4 - BAURU,DEL.SEC.ASSIS,CENTRAL POL.JUDICIÁRIA-ASSIS,DEL.SEC.3º OESTE,23º D.P.  PERDIZES
80524,DEMACRO,DEL.SEC.CARAPICUIBA,DEL.DEF.MUL. S.PARNAIBA,DEL.SEC.CARAPICUIBA,DEL.POL.SANTANA DE PARNAIBA
90104,DEINTER 8 - PRESIDENTE PRUDENTE,DEL.SEC.ADAMANTINA,DEL.POL.FLÓRIDA PAULISTA,DEL.SEC.1º CENTRO,05º D.P. ACLIMACAO
90108,DEINTER 8 - PRESIDENTE PRUDENTE,DEL.SEC.ADAMANTINA,DEL.POL.LUCELIA,DEL.SEC.1º CENTRO,01º D.P. SE
90109,DEINTER 8 - PRESIDENTE PRUDENTE,DEL.SEC.ADAMANTINA,DEL.POL.MARIAPOLIS,DEL.SEC.1º CENTRO,12º D.P. PARI
90112,DEINTER 8 - PRESIDENTE PRUDENTE,DEL.SEC.ADAMANTINA,DEL.POL.OSVALDO CRUZ,DEL.SEC.S.BERNARDO DO CAMPO,03º D.P. S.BERNARDO DO CAMPO
90114,DEINTER 8 - PRESIDENTE PRUDENTE,DEL.SEC.ADAMANTINA,DEL.POL.PACAEMBU,DEL.SEC.3º OESTE,51º D.P.  RIO PEQUENO
90121,DEINTER 8 - PRESIDENTE PRUDENTE,DEL.SEC.ADAMANTINA,01º D.P. ADAMANTINA,DEL.SEC.1º CENTRO,01º D.P. SE
90126,DEINTER 8 - PRESIDENTE PRUDENTE,DEL.SEC.ADAMANTINA,DEL.INV.GER. ADAMANTINA,DEL.SEC.3º OESTE,23º D.P.  PERDIZES
90200,DEINTER 8 - PRESIDENTE PRUDENTE,DEL.SEC.PRESIDENTE PRUDENTE,DEL.SEC.PRES. PRUDENTE,DEL.SEC.1º CENTRO,03º D.P. CAMPOS ELISEOS
90206,DEINTER 8 - PRESIDENTE PRUDENTE,DEL.SEC.PRESIDENTE PRUDENTE,DEL.POL.IEPÊ,DEL.SEC.1º CENTRO,12º D.P. PARI
90208,DEINTER 8 - PRESIDENTE PRUDENTE,DEL.SEC.PRESIDENTE PRUDENTE,DEL.POL.MARTINOPOLIS,DEL.SEC.OSASCO,09º D.P. OSASCO
90216,DEINTER 8 - PRESIDENTE PRUDENTE,DEL.SEC.PRESIDENTE PRUDENTE,DEL.POL.REGENTE FEIJO,DEL.SEC.1º CENTRO,12º D.P. PARI
90219,DEINTER 8 - PRESIDENTE PRUDENTE,DEL.SEC.PRESIDENTE PRUDENTE,DEL.POL.TACIBA,DEL.SEC.1º CENTRO,12º D.P. PARI
90233,DEINTER 8 - PRESIDENTE PRUDENTE,DEL.SEC.PRESIDENTE PRUDENTE,CENTRAL POL. JUD. P.PRUDENTE,DEL.SEC.7º ITAQUERA,103º D.P. COHABII/ITAQU.
90302,DEINTER 8 - PRESIDENTE PRUDENTE,DEL.SEC.PRESIDENTE VENCESLAU,DEL.POL.MARABA PAULISTA,DEL.SEC.3º OESTE,23º D.P.  PERDIZES
90307,DEINTER 8 - PRESIDENTE PRUDENTE,DEL.SEC.PRESIDENTE VENCESLAU,DEL.POL.SANTO ANASTACIO,DEL.SEC.CARAPICUIBA,DEL.POL.SANTANA DE PARNAIBA
90406,DEINTER 8 - PRESIDENTE PRUDENTE,DEL.SEC.DRACENA,DEL.POL.PANORAMA,DEL.SEC.S.BERNARDO DO CAMPO,05º D.P. S.BERNARDO DO CAMPO
90411,DEINTER 8 - PRESIDENTE PRUDENTE,DEL.SEC.DRACENA,01º D.P. DRACENA,DEL.SEC.2º SUL,97º D.P. AMERICANOPOLIS
90415,DEINTER 8 - PRESIDENTE PRUDENTE,DEL.SEC.DRACENA,DEL.INV.GER. DRACENA,DEL.SEC.3º OESTE,23º D.P.  PERDIZES
90502,DEINTER 8 - PRESIDENTE PRUDENTE,DEL.SEC.ADAMANTINA,DEL.SEC.ADAMANTINA PLANTÃO,DEL.SEC.5º LESTE,31º D.P.  VILA CARRAO
90624,DEINTER 8 - PRESIDENTE PRUDENTE,DEL.SEC.PRESIDENTE VENCESLAU,DEL.SEC.PRES.VENCESLAU PLANTÃO,DEL.SEC.GUARULHOS,05º D.P. GUARULHOS
100103,DEINTER 3 - RIBEIRAO PRETO,DEL.SEC.ARARAQUARA,01º D.P. ARARAQUARA,DEL.SEC.GUARULHOS,03º D.P. GUARULHOS
100104,DEINTER 3 - RIBEIRAO PRETO,DEL.SEC.ARARAQUARA,02º D.P. ARARAQUARA,DEL.SEC.2º SUL,16º D.P. VILA CLEMENTINO
100105,DEINTER 3 - RIBEIRAO PRETO,DEL.SEC.ARARAQUARA,DEL.POL.BORBOREMA,DEL.SEC.1º CENTRO,12º D.P. PARI
100110,DEINTER 3 - RIBEIRAO PRETO,DEL.SEC.ARARAQUARA,DEL.POL.ITÁPOLIS,DEL.SEC.3º OESTE,07º D.P. LAPA
100111,DEINTER 3 - RIBEIRAO PRETO,DEL.SEC.ARARAQUARA,DEL.POL.MATÃO,DEL.SEC.3º OESTE,34º D.P.  MORUMBI
100115,DEINTER 3 - RIBEIRAO PRETO,DEL.SEC.ARARAQUARA,DEL.POL.RINCÃO,DEL.SEC.1º CENTRO,12º D.P. PARI
100118,DEINTER 3 - RIBEIRAO PRETO,DEL.SEC.ARARAQUARA,DEL.POL.TABATINGA,DEL.SEC.1º CENTRO,12º D.P. PARI
100119,DEINTER 3 - RIBEIRAO PRETO,DEL.SEC.ARARAQUARA,DEL.POL.TAQUARITINGA,DEL.SEC.4º NORTE,09º D.P. - CARANDIRU
100121,DEINTER 3 - RIBEIRAO PRETO,DEL.SEC.ARARAQUARA,DEL.POL.IBITINGA,DEL.SEC.1º CENTRO,12º D.P. PARI
100122,DEINTER 3 - RIBEIRAO PRETO,DEL.SEC.ARARAQUARA,03º D.P. ARARAQUARA,DEL.SEC.1º CENTRO,02º D.P. BOM RETIRO
100123,DEINTER 3 - RIBEIRAO PRETO,DEL.SEC.ARARAQUARA,DEL.DEF.MUL. ARARAQUARA,DEL.SEC.SANTO ANDRÉ,03º D.P. SANTO ANDRÉ
100134,DEINTER 3 - RIBEIRAO PRETO,DEL.SEC.ARARAQUARA,01º D.P. MATÃO,DEL.SEC.8º SAO MATEUS,69º D.P. TEOTONIO VILELA
100135,DEINTER 3 - RIBEIRAO PRETO,DEL.SEC.ARARAQUARA,04º D.P. ARARAQUARA,DEL.SEC.CARAPICUIBA,01º D.P. BARUERI
100205,DEINTER 3 - RIBEIRAO PRETO,DEL.SEC.BARRETOS,DEL.POL.GUAIRA,DEL.SEC.CARAPICUIBA,DEL.POL.BARUERI
100208,DEINTER 3 - RIBEIRAO PRETO,DEL.SEC.BEBEDOURO,DEL.POL.MONTE AZUL PAULISTA,DEL.SEC.4º NORTE,09º D.P. - CARANDIRU
100215,DEINTER 3 - RIBEIRAO PRETO,DEL.SEC.BEBEDOURO,DEL.POL.VIRADOURO,DEL.SEC.1º CENTRO,12º D.P. PARI
100217,DEINTER 3 - RIBEIRAO PRETO,DEL.SEC.BARRETOS,DEL.POL.ALTAIR,DEL.SEC.7º ITAQUERA,64º D.P. CID.AE CARVALHO
100221,DEINTER 3 - RIBEIRAO PRETO,DEL.SEC.BARRETOS,DEL.POL.OLIMPIA,DEL.SEC.4º NORTE,09º D.P. - CARANDIRU
100222,DEINTER 3 - RIBEIRAO PRETO,DEL.SEC.BARRETOS,01º D.P. BARRETOS,DEL.SEC.1º CENTRO,12º D.P. PARI
100306,DEINTER 3 - RIBEIRAO PRETO,DEL.SEC.FRANCA,DEL.POL.IGARAPAVA,DEL.SEC.1º CENTRO,78º D.P. JARDINS
100308,DEINTER 3 - RIBEIRAO PRETO,DEL.SEC.FRANCA,DEL.POL.ITUVERAVA,DEL.SEC.3º OESTE,14º D.P. PINHEIROS
100310,DEINTER 3 - RIBEIRAO PRETO,DEL.SEC.FRANCA,DEL.POL.MIGUELOPOLIS,DEL.SEC.1º CENTRO,12º D.P. PARI
100319,DEINTER 3 - RIBEIRAO PRETO,DEL.SEC.FRANCA,DEL.INV.GER. FRANCA,DEL.SEC.5º LESTE,21º D.P.  VILA MATILDE
100320,DEINTER 3 - RIBEIRAO PRETO,DEL.SEC.FRANCA,DEL.DEF.MUL. FRANCA,DEL.SEC.8º SAO MATEUS,70º D.P. VILA EMA
100321,DEINTER 3 - RIBEIRAO PRETO,DEL.SEC.FRANCA,01º D.P. FRANCA,DEL.SEC.GUARULHOS,08º D.P. GUARULHOS
100322,DEINTER 3 - RIBEIRAO PRETO,DEL.SEC.FRANCA,02º D.P. FRANCA,DEL.SEC.3º OESTE,33º D.P.  PIRITUBA
100324,DEINTER 3 - RIBEIRAO PRETO,DEL.SEC.FRANCA,03º D.P. FRANCA,DEL.SEC.1º CENTRO,12º D.P. PARI
100325,DEINTER 3 - RIBEIRAO PRETO,DEL.SEC.FRANCA,04º D.P. FRANCA,DEL.SEC.1º CENTRO,01º D.P. SE
100404,DEINTER 3 - RIBEIRAO PRETO,DEL.SEC.RIBEIRAO PRETO,DEL.POL.BRODOWSKI,DEL.SEC.CARAPICUIBA,DEL.POL.COTIA
100405,DEINTER 3 - RIBEIRAO PRETO,DEL.SEC.RIBEIRAO PRETO,DEL.POL.CAJURU,DEL.SEC.7º ITAQUERA,50º D.P.  ITAIM PAULISTA
100407,DEINTER 3 - RIBEIRAO PRETO,DEL.SEC.RIBEIRAO PRETO,DEL.POL.CRAVINHOS,DEL.SEC.8º SAO MATEUS,49º D.P.  SAO MATEUS
100410,DEINTER 3 - RIBEIRAO PRETO,DEL.SEC.RIBEIRAO PRETO,DEL.POL.JARDINÓPOLIS,DEL.SEC.FRANCO DA ROCHA,DEL.POL.MAIRIPORÃ
100412,DEINTER 3 - RIBEIRAO PRETO,DEL.SEC.S. JOAQUIM DA BARRA,DEL.POL.MORRO AGUDO,DEL.SEC.FRANCO DA ROCHA,DEL.POL.CAIEIRAS
100414,DEINTER 3 - RIBEIRAO PRETO,DEL.SEC.SERTÃOZINHO,DEL.POL.PONTAL,DEL.SEC.5º LESTE,30º D.P.  TATUAPE
100415,DEINTER 3 - RIBEIRAO PRETO,DEL.SEC.S. JOAQUIM DA BARRA,DEL.POL.ORLANDIA,DEL.SEC.4º NORTE,09º D.P. - CARANDIRU
100419,DEINTER 3 - RIBEIRAO PRETO,DEL.SEC.RIBEIRAO PRETO,03º D.P. RIBEIRAO PRETO,DEL.SEC.OSASCO,06º D.P. OSASCO
100420,DEINTER 3 - RIBEIRAO PRETO,DEL.SEC.RIBEIRAO PRETO,04º D.P. RIBEIRAO PRETO,DEL.SEC.3º OESTE,23º D.P.  PERDIZES
100422,DEINTER 3 - RIBEIRAO PRETO,DEL.SEC.RIBEIRAO PRETO,DEL.POL.S.ROSA DE VITERBO,DEL.SEC.1º CENTRO,04º D.P. CONSOLAÇÃO
100429,DEINTER 3 - RIBEIRAO PRETO,DEL.SEC.RIBEIRAO PRETO,05º D.P. RIBEIRAO PRETO,DEL.SEC.8º SAO MATEUS,53º D.P.  PARQUE DO CARMO
100430,DEINTER 3 - RIBEIRAO PRETO,DEL.SEC.RIBEIRAO PRETO,06º D.P. RIBEIRAO PRETO,DEL.SEC.1º CENTRO,12º D.P. PARI
100431,DEINTER 3 - RIBEIRAO PRETO,DEL.SEC.RIBEIRAO PRETO,DEL.DEF.MUL. RIBEIRAO PRETO,DEL.SEC.S.BERNARDO DO CAMPO,02º D.P. S.BERNARDO DO CAMPO
100435,DEINTER 3 - RIBEIRAO PRETO,DEL.SEC.SERTÃOZINHO,DEL.POL.JABOTICABAL,DEL.SEC.6º SANTO AMARO,11º D.P. SANTO AMARO
100436,DEINTER 3 - RIBEIRAO PRETO,DEL.SEC.SERTÃOZINHO,DEL.POL.MONTE ALTO,DEL.SEC.3º OESTE,23º D.P.  PERDIZES
100440,DEINTER 3 - RIBEIRAO PRETO,DEL.SEC.RIBEIRAO PRETO,DISE- DEL.SEC.RIBEIRAO PRETO,DEL.SEC.3º OESTE,34º D.P.  MORUMBI
100462,DEINTER 3 - RIBEIRAO PRETO,DEL.SEC.S. JOAQUIM DA BARRA,DEL.INV.GER. S.JOAQUIM BARRA,DEL.SEC.3º OESTE,34º D.P.  MORUMBI
100464,DEINTER 3 - RIBEIRAO PRETO,DEL.SEC.S. JOAQUIM DA BARRA,01º D.P. SAO JOAQUIM DA BARRA,DEL.SEC.1º CENTRO,01º D.P. SE
100503,DEINTER 3 - RIBEIRAO PRETO,DEL.SEC.SAO CARLOS,DEL.POL.DESCALVADO,DEL.SEC.4º NORTE,28º D.P.  FREGUESIA DO O
100504,DEINTER 3 - RIBEIRAO PRETO,DEL.SEC.SAO CARLOS,DEL.POL.DOURADO,DEL.SEC.OSASCO,09º D.P. OSASCO
100506,DEINTER 3 - RIBEIRAO PRETO,DEL.SEC.SAO CARLOS,DEL.POL.PORTO FERREIRA,DEL.SEC.1º CENTRO,12º D.P. PARI
100511,DEINTER 3 - RIBEIRAO PRETO,DEL.SEC.SAO CARLOS,01º D.P. SÃO CARLOS,DEL.SEC.1º CENTRO,03º D.P. CAMPOS ELISEOS
100512,DEINTER 3 - RIBEIRAO PRETO,DEL.SEC.SAO CARLOS,02º D.P. SÃO CARLOS,DEL.SEC.3º OESTE,34º D.P.  MORUMBI
100513,DEINTER 3 - RIBEIRAO PRETO,DEL.SEC.SAO CARLOS,DEL.POL.STA RITA PASSA QUATRO,DEL.SEC.GUARULHOS,08º D.P. GUARULHOS
100514,DEINTER 3 - RIBEIRAO PRETO,DEL.SEC.SAO CARLOS,03º D.P. SÃO CARLOS,DEL.SEC.8º SAO MATEUS,49º D.P.  SAO MATEUS
100907,DEINTER 3 - RIBEIRAO PRETO,DEL.SEC.SERTÃOZINHO,DEL.SEC.SERTÃOZINHO PLANTÃO,DEL.SEC.3º OESTE,14º D.P. PINHEIROS
100908,DEINTER 3 - RIBEIRAO PRETO,DEL.SEC.ARARAQUARA,DEL.SEC.ARARAQUARA PLANTÃO,DEL.SEC.2º SUL,96º D.P. MONÇÕES
100910,DEINTER 3 - RIBEIRAO PRETO,DEL.SEC.FRANCA,DEL.SEC.FRANCA PLANTÃO,DEL.SEC.1º CENTRO,04º D.P. CONSOLAÇÃO
100911,DEINTER 3 - RIBEIRAO PRETO,DEL.SEC.SAO CARLOS,DEL.SEC.SÃO CARLOS PLANTÃO,DEL.SEC.4º NORTE,09º D.P. - CARANDIRU
100912,DEINTER 3 - RIBEIRAO PRETO,DEL.SEC.BEBEDOURO,DEL.POL.PLANTÃO BEBEDOURO,DEL.SEC.GUARULHOS,05º D.P. GUARULHOS
100917,DEINTER 3 - RIBEIRAO PRETO,DEL.SEC.SERTÃOZINHO,DEL.POL.PLANTÃO JABOTICABAL,DEL.SEC.1º CENTRO,01º D.P. SE
100919,DEINTER 3 - RIBEIRAO PRETO,DEL.SEC.RIBEIRAO PRETO,CENTRAL POL. JUD. RIB. PRETO,DEL.SEC.4º NORTE,09º D.P. - CARANDIRU
110001,DEINTER 5 - SAO JOSE DO RIO PRETO,DEL.SEC.S.JOSE DO RIO PRETO,DEL.INV.GER. S.JOSE RIO PRETO,DEL.SEC.2º SUL,27º D.P.  IBIRAPUERA
110103,DEINTER 5 - SAO JOSE DO RIO PRETO,DEL.SEC.CATANDUVA,DEL.POL.CATIGUA,DEL.SEC.2º SUL,96º D.P. MONÇÕES
110106,DEINTER 5 - SAO JOSE DO RIO PRETO,DEL.SEC.NOVO HORIZONTE,DEL.POL.ITAJOBI,DEL.SEC.1º CENTRO,12º D.P. PARI
110107,DEINTER 5 - SAO JOSE DO RIO PRETO,DEL.SEC.NOVO HORIZONTE,DEL.POL.NOVO HORIZONTE,DEL.SEC.1º CENTRO,12º D.P. PARI
110109,DEINTER 5 - SAO JOSE DO RIO PRETO,DEL.SEC.CATANDUVA,DEL.POL.PALMARES PAULISTA,DEL.SEC.1º CENTRO,12º D.P. PARI
110113,DEINTER 5 - SAO JOSE DO RIO PRETO,DEL.SEC.NOVO HORIZONTE,DEL.POL.URUPES,DEL.SEC.GUARULHOS,09º D.P. GUARULHOS
110122,DEINTER 5 - SAO JOSE DO RIO PRETO,DEL.SEC.CATANDUVA,DEL.POL.ELISIÁRIO,DEL.SEC.2º SUL,17º D.P.  DOUTOR ALDO GALIANO
110123,DEINTER 5 - SAO JOSE DO RIO PRETO,DEL.SEC.CATANDUVA,DEL.POL.NOVAIS,DEL.SEC.MOGI DAS CRUZES,DEL.POL.ITAQUAQUECETUBA
110227,DEINTER 5 - SAO JOSE DO RIO PRETO,DEL.SEC.JALES,01º D.P. JALES,DEL.SEC.GUARULHOS,08º D.P. GUARULHOS
110310,DEINTER 5 - SAO JOSE DO RIO PRETO,DEL.SEC.S.JOSE DO RIO PRETO,DEL.POL.MONTE APRAZIVEL,DEL.SEC.8º SAO MATEUS,70º D.P. VILA EMA
110315,DEINTER 5 - SAO JOSE DO RIO PRETO,DEL.SEC.S.JOSE DO RIO PRETO,DEL.POL.POLONI,DEL.SEC.6º SANTO AMARO,11º D.P. SANTO AMARO
110320,DEINTER 5 - SAO JOSE DO RIO PRETO,DEL.SEC.S.JOSE DO RIO PRETO,DEL.POL.JACI,DEL.SEC.1º CENTRO,12º D.P. PARI
110321,DEINTER 5 - SAO JOSE DO RIO PRETO,DEL.SEC.S.JOSE DO RIO PRETO,DEL.POL.JOSE BONIFACIO,DEL.SEC.7º ITAQUERA,103º D.P. COHABII/ITAQU.
110322,DEINTER 5 - SAO JOSE DO RIO PRETO,DEL.SEC.S.JOSE DO RIO PRETO,DEL.POL.NEVES PAULISTA,DEL.SEC.1º CENTRO,01º D.P. SE
110407,DEINTER 5 - SAO JOSE DO RIO PRETO,DEL.SEC.S.JOSE DO RIO PRETO,DEL.POL.GUAPIACU,DEL.SEC.3º OESTE,23º D.P.  PERDIZES
110409,DEINTER 5 - SAO JOSE DO RIO PRETO,DEL.SEC.S.JOSE DO RIO PRETO,DEL.POL.ICÉM,DEL.SEC.4º NORTE,09º D.P. - CARANDIRU
110413,DEINTER 5 - SAO JOSE DO RIO PRETO,DEL.SEC.S.JOSE DO RIO PRETO,DEL.POL.MIRASSOL,DEL.SEC.4º NORTE,09º D.P. - CARANDIRU
110417,DEINTER 5 - SAO JOSE DO RIO PRETO,DEL.SEC.S.JOSE DO RIO PRETO,DEL.POL.NOVA GRANADA,DEL.SEC.8º SAO MATEUS,55º D.P.  PARQUE S.RAFAEL
110423,DEINTER 5 - SAO JOSE DO RIO PRETO,DEL.SEC.S.JOSE DO RIO PRETO,DEL.POL.POTIRENDABA,DEL.SEC.SANTO ANDRÉ,01º D.P. SANTO ANDRÉ
110426,DEINTER 5 - SAO JOSE DO RIO PRETO,DEL.SEC.S.JOSE DO RIO PRETO,01º D.P. S.JOSE DO RIO PRETO,DEL.SEC.8º SAO MATEUS,44º D.P.  GUAIANAZES
110428,DEINTER 5 - SAO JOSE DO RIO PRETO,DEL.SEC.S.JOSE DO RIO PRETO,03º D.P. S.JOSE RIO PRETO,DEL.SEC.1º CENTRO,03º D.P. CAMPOS ELISEOS
110429,DEINTER 5 - SAO JOSE DO RIO PRETO,DEL.SEC.S.JOSE DO RIO PRETO,DEL.SEC.S.J  RIO PRETO PLANTÃO,DEL.SEC.GUARULHOS,05º D.P. GUARULHOS
110431,DEINTER 5 - SAO JOSE DO RIO PRETO,DEL.SEC.S.JOSE DO RIO PRETO,04º D.P. S.JOSE RIO PRETO,DEL.SEC.1º CENTRO,12º D.P. PARI
110434,DEINTER 5 - SAO JOSE DO RIO PRETO,DEL.SEC.S.JOSE DO RIO PRETO,DEL.POL.IBIRÁ,DEL.SEC.1º CENTRO,01º D.P. SE
110435,DEINTER 5 - SAO JOSE DO RIO PRETO,DEL.SEC.S.JOSE DO RIO PRETO,DEL.POL.TANABI,DEL.SEC.2º SUL,27º D.P.  IBIRAPUERA
110514,DEINTER 5 - SAO JOSE DO RIO PRETO,DEL.SEC.VOTUPORANGA,DEL.POL.VALENTIM GENTIL,DEL.SEC.6º SANTO AMARO,11º D.P. SANTO AMARO
110517,DEINTER 5 - SAO JOSE DO RIO PRETO,DEL.SEC.VOTUPORANGA,DEL.POL.MACAUBAL,DEL.SEC.1º CENTRO,08º D.P. BRAS
110523,DEINTER 5 - SAO JOSE DO RIO PRETO,DEL.SEC.VOTUPORANGA,01º D.P. VOTUPORANGA,DEL.SEC.5º LESTE,56º D.P.  VILA ALPINA
110612,DEINTER 5 - SAO JOSE DO RIO PRETO,DEL.SEC.FERNANDÓPOLIS,01º D.P. FERNANDOPOLIS,DEL.SEC.6º SANTO AMARO,101º D.P. JDIM IMBUIAS
110616,DEINTER 5 - SAO JOSE DO RIO PRETO,DEL.SEC.FERNANDÓPOLIS,DEL.INV.GER. FERNANDÓPOLIS,DEL.SEC.3º OESTE,93º D.P. JAGUARÉ
110708,DEINTER 5 - SAO JOSE DO RIO PRETO,DEL.SEC.CATANDUVA,DEL.SEC.CATANDUVA PLANTÃO,DEL.SEC.CARAPICUIBA,DEL.POL.SANTANA DE PARNAIBA
110709,DEINTER 5 - SAO JOSE DO RIO PRETO,DEL.SEC.FERNANDÓPOLIS,DEL.SEC.FERNANDOPOLIS PLANTÃO,DEL.SEC.2º SUL,97º D.P. AMERICANOPOLIS
110711,DEINTER 5 - SAO JOSE DO RIO PRETO,DEL.SEC.VOTUPORANGA,DEL.SEC.VOTUPORANGA PLANTÃO,DEL.SEC.3º OESTE,14º D.P. PINHEIROS
120103,DEINTER 7 - SOROCABA,DEL.SEC.AVARE,DEL.POL.CERQUEIRA CESAR,DEL.SEC.GUARULHOS,05º D.P. GUARULHOS
120105,DEINTER 7 - SOROCABA,DEL.SEC.AVARE,DEL.POL.ITAÍ,DEL.SEC.6º SANTO AMARO,85º D.P. JARDIM MIRNA
120108,DEINTER 7 - SOROCABA,DEL.SEC.AVARE,DEL.POL.TAQUARITUBA,DEL.SEC.3º OESTE,23º D.P.  PERDIZES
120118,DEINTER 7 - SOROCABA,DEL.SEC.AVARE,DEL.POL.PIRAJU,DEL.SEC.2º SUL,16º D.P. VILA CLEMENTINO
120129,DEINTER 7 - SOROCABA,DEL.SEC.AVARE,DEL.SEC.AVARE PLANTÃO,DEL.SEC.2º SUL,36º D.P.  VILA MARIANA
120200,DEINTER 7 - SOROCABA,DEL.SEC.BOTUCATU,DEL.SEC.BOTUCATU,DEL.SEC.3º OESTE,23º D.P.  PERDIZES
120207,DEINTER 7 - SOROCABA,DEL.SEC.BOTUCATU,DEL.POL.ITATINGA,DEL.SEC.4º NORTE,13º D.P. CASA VERDE
120208,DEINTER 7 - SOROCABA,DEL.SEC.BOTUCATU,DEL.POL.LARANJAL PAULISTA,DEL.SEC.1º CENTRO,12º D.P. PARI
120211,DEINTER 7 - SOROCABA,DEL.SEC.BOTUCATU,DEL.POL.SÃO MANUEL,DEL.SEC.3º OESTE,93º D.P. JAGUARÉ
120212,DEINTER 7 - SOROCABA,DEL.SEC.SOROCABA,DEL.POL.TIETÊ,DEL.SEC.8º SAO MATEUS,49º D.P.  SAO MATEUS
120213,DEINTER 7 - SOROCABA,DEL.SEC.BOTUCATU,DEL.POL.PORANGABA,DEL.SEC.S.BERNARDO DO CAMPO,01º D.P. S.CAETANO DO SUL
120214,DEINTER 7 - SOROCABA,DEL.SEC.BOTUCATU,01º D.P. BOTUCATU,DEL.SEC.GUARULHOS,08º D.P. GUARULHOS
120215,DEINTER 7 - SOROCABA,DEL.SEC.BOTUCATU,02º D.P. BOTUCATU,DEL.SEC.3º OESTE,23º D.P.  PERDIZES
120218,DEINTER 7 - SOROCABA,DEL.SEC.BOTUCATU,DEL.DEF.MUL. BOTUCATU,DEL.SEC.5º LESTE,30º D.P.  TATUAPE
120221,DEINTER 7 - SOROCABA,DEL.SEC.BOTUCATU,DEL.INV.GER. BOTUCATU,DEL.SEC.5º LESTE,56º D.P.  VILA ALPINA
120223,DEINTER 7 - SOROCABA,DEL.SEC.BOTUCATU,DEL.DEF.MUL. SÃO MANUEL,DEL.SEC.GUARULHOS,02º D.P. GUARULHOS
120300,DEINTER 7 - SOROCABA,DEL.SEC.ITAPETININGA,DEL.SEC.ITAPETININGA,DEL.SEC.S.BERNARDO DO CAMPO,08º D.P. S.BERNARDO DO CAMPO
120301,DEINTER 7 - SOROCABA,DEL.SEC.ITAPETININGA,DEL.POL.ANGATUBA,DEL.SEC.3º OESTE,14º D.P. PINHEIROS
120303,DEINTER 7 - SOROCABA,DEL.SEC.ITAPETININGA,DEL.POL.CESÁRIO LANGE,DEL.SEC.TABOÃO DA SERRA,DEL.POL.ITAPECERICA DA SERRA
120308,DEINTER 7 - SOROCABA,DEL.SEC.ITAPETININGA,DEL.POL.SÃO MIGUEL ARCANJO,DEL.SEC.4º NORTE,19º D.P.  VILA MARIA
120309,DEINTER 7 - SOROCABA,DEL.SEC.ITAPETININGA,DEL.POL.SARAPUI,DEL.SEC.CARAPICUIBA,DEL.POL.ITAPEVI
120311,DEINTER 7 - SOROCABA,DEL.SEC.ITAPETININGA,DEL.POL.CAPELA DO ALTO,DEL.SEC.CARAPICUIBA,DEL.POL.ITAPEVI
120312,DEINTER 7 - SOROCABA,DEL.SEC.ITAPETININGA,DEL.POL.BOITUVA,DEL.SEC.4º NORTE,90º D.P. PQ. NOVO MUNDO
120313,DEINTER 7 - SOROCABA,DEL.SEC.ITAPETININGA,DEL.POL.CERQUILHO,DEL.SEC.SANTO ANDRÉ,03º D.P. MAUA
120314,DEINTER 7 - SOROCABA,DEL.SEC.ITAPETININGA,01º D.P. ITAPETININGA,DEL.SEC.3º OESTE,46º D.P.  PERUS
120315,DEINTER 7 - SOROCABA,DEL.SEC.ITAPETININGA,02º D.P. ITAPETININGA,DEL.SEC.3º OESTE,87º D.P. V. P. BARRETO
120324,DEINTER 7 - SOROCABA,DEL.SEC.ITAPETININGA,DEL.POL.CAMPINA MONTE ALEGRE,DEL.SEC.1º CENTRO,01º D.P. SE
120400,DEINTER 7 - SOROCABA,DEL.SEC.ITAPEVA,DEL.SEC.ITAPEVA PLANTÃO,DEL.SEC.6º SANTO AMARO,11º D.P. SANTO AMARO
120401,DEINTER 7 - SOROCABA,DEL.SEC.ITAPEVA,DEL.POL.APIAI,DEL.SEC.1º CENTRO,12º D.P. PARI
120409,DEINTER 7 - SOROCABA,DEL.SEC.ITAPEVA,DEL.POL.ITARARE,DEL.SEC.1º CENTRO,08º D.P. BRAS
120414,DEINTER 7 - SOROCABA,DEL.SEC.ITAPEVA,DEL.POL.CAPÃO BONITO,DEL.SEC.CARAPICUIBA,DEL.POL.ITAPEVI
120500,DEINTER 7 - SOROCABA,DEL.SEC.SOROCABA,DEL.SEC.SOROCABA,DEL.SEC.8º SAO MATEUS,41º D.P.  VILA RICA
120501,DEINTER 7 - SOROCABA,DEL.SEC.SOROCABA,DEL.POL.ARAÇOIABA DA SERRA,DEL.SEC.2º SUL,96º D.P. MONÇÕES
120503,DEINTER 7 - SOROCABA,DEL.SEC.SOROCABA,DEL.POL.JUMIRIM,DEL.SEC.TABOÃO DA SERRA,01º D.P. EMBU DAS ARTES
120505,DEINTER 7 - SOROCABA,DEL.SEC.SOROCABA,DEL.POL.IBIÚNA,DEL.SEC.S.BERNARDO DO CAMPO,05º D.P. S.BERNARDO DO CAMPO
120506,DEINTER 7 - SOROCABA,DEL.SEC.SOROCABA,DEL.POL.IPERÓ,DEL.SEC.DIADEMA,04º D.P. DIADEMA
120508,DEINTER 7 - SOROCABA,DEL.SEC.SOROCABA,DEL.POL.MAIRINQUE,DEL.SEC.7º ITAQUERA,62º D.P. ERMELINO MATARAZZO
120509,DEINTER 7 - SOROCABA,DEL.SEC.SOROCABA,DEL.POL.PIEDADE,DEL.SEC.1º CENTRO,01º D.P. SE
120510,DEINTER 7 - SOROCABA,DEL.SEC.SOROCABA,DEL.POL.PILAR DO SUL,DEL.SEC.3º OESTE,75º D.P. JARDIM ARPOADOR
120511,DEINTER 7 - SOROCABA,DEL.SEC.SOROCABA,DEL.POL.PORTO FELIZ,DEL.SEC.7º ITAQUERA,22º D.P.  SAO MIGUEL PTA
120513,DEINTER 7 - SOROCABA,DEL.SEC.SOROCABA,DEL.POL.SALTO DE PIRAPORA,DEL.SEC.2º SUL,36º D.P.  VILA MARIANA
120514,DEINTER 7 - SOROCABA,DEL.SEC.SOROCABA,DEL.POL.SÃO ROQUE,DEL.SEC.CARAPICUIBA,DEL.POL.COTIA
120518,DEINTER 7 - SOROCABA,DEL.SEC.SOROCABA,01º D.P. SOROCABA,DEL.SEC.1º CENTRO,03º D.P. CAMPOS ELISEOS
120520,DEINTER 7 - SOROCABA,DEL.SEC.SOROCABA,03º D.P. SOROCABA,DEL.SEC.2º SUL,96º D.P. MONÇÕES
120521,DEINTER 7 - SOROCABA,DEL.SEC.SOROCABA,04º D.P. SOROCABA,DEL.SEC.S.BERNARDO DO CAMPO,03º D.P. S.BERNARDO DO CAMPO
120523,DEINTER 7 - SOROCABA,DEL.SEC.SOROCABA,06º D.P. SOROCABA,DEL.SEC.DIADEMA,01º D.P. DIADEMA
120526,DEINTER 7 - SOROCABA,DEL.SEC.SOROCABA,01º D.P. ITU,DEL.SEC.GUARULHOS,02º D.P. GUARULHOS
120531,DEINTER 7 - SOROCABA,DEL.SEC.SOROCABA,DEL.POL.ALUMINIO,DEL.SEC.1º CENTRO,08º D.P. BRAS
120533,DEINTER 7 - SOROCABA,DEL.SEC.SOROCABA,02º D.P. VOTORANTIM,DEL.SEC.3º OESTE,46º D.P.  PERUS
120541,DEINTER 7 - SOROCABA,DEL.SEC.SOROCABA,DISE- DEL.SEC.SOROCABA,DEL.SEC.SANTO ANDRÉ,02º D.P. SANTO ANDRÉ
120542,DEINTER 7 - SOROCABA,DEL.SEC.SOROCABA,04º D.P. ITU,DEL.SEC.3º OESTE,14º D.P. PINHEIROS
120543,DEINTER 7 - SOROCABA,DEL.SEC.SOROCABA,DEL.DEF.MUL. VOTORANTIM,DEL.SEC.S.BERNARDO DO CAMPO,05º D.P. S.BERNARDO DO CAMPO
120545,DEINTER 7 - SOROCABA,DEL.SEC.SOROCABA,DEL.POL.ARAÇARIGUAMA,DEL.SEC.4º NORTE,39º D.P.  VILA GUSTAVO
120555,DEINTER 7 - SOROCABA,DEL.SEC.SOROCABA,DEL.DEF.MUL. SALTO,DEL.SEC.S.BERNARDO DO CAMPO,08º D.P. S.BERNARDO DO CAMPO
120607,DEINTER 7 - SOROCABA,DEL.SEC.SOROCABA,PLANTÃO DE SOROCABA - Z. NORTE,DEL.SEC.3º OESTE,07º D.P. LAPA
120608,DEINTER 7 - SOROCABA,DEL.SEC.SOROCABA,DEL.POL.PLANTÃO SALTO,DEL.SEC.5º LESTE,52º D.P.  PARQUE S.JORGE
120609,DEINTER 7 - SOROCABA,DEL.SEC.ITAPETININGA,DEL.POL.PLANTÃO TATUI,DEL.SEC.GUARULHOS,09º D.P. GUARULHOS
120610,DEINTER 7 - SOROCABA,DEL.SEC.SOROCABA,DEL.POL.PLANTÃO ITU,DEL.SEC.7º ITAQUERA,63º D.P. VILA JACUI
120611,DEINTER 7 - SOROCABA,DEL.SEC.SOROCABA,DEL.POL.PLANTÃO VOTORANTIM,DEL.SEC.2º SUL,35º D.P.  JABAQUARA
130001,DEINTER 1 - SAO JOSE DOS CAMPOS,DEL.SEC.S.JOSÉ DOS CAMPOS,DEL.INV.GER. S.JOSE DOS CAMPOS,DEL.SEC.MOGI DAS CRUZES,DEL.POL.ITAQUAQUECETUBA
130103,DEINTER 1 - SAO JOSE DOS CAMPOS,DEL.SEC.CRUZEIRO,DEL.SEC.CRUZEIRO PLANTÃO,DEL.SEC.SANTO ANDRÉ,06º D.P. SANTO ANDRÉ
130106,DEINTER 1 - SAO JOSE DOS CAMPOS,DEL.SEC.CRUZEIRO,DEL.POL.QUELUZ,DEL.SEC.TABOÃO DA SERRA,DEL.POL.ITAPECERICA DA SERRA
130109,DEINTER 1 - SAO JOSE DOS CAMPOS,DEL.SEC.CRUZEIRO,01º D.P. CRUZEIRO,DEL.SEC.3º OESTE,23º D.P.  PERDIZES
130114,DEINTER 1 - SAO JOSE DOS CAMPOS,DEL.SEC.CRUZEIRO,DEL.INV.GER. CRUZEIRO,DEL.SEC.MOGI DAS CRUZES,01º D.P. MOGI DAS CRUZES
130116,DEINTER 1 - SAO JOSE DOS CAMPOS,DEL.SEC.CRUZEIRO,03º D.P. CRUZEIRO,DEL.SEC.GUARULHOS,03º D.P. GUARULHOS
130124,DEINTER 2 - CAMPINAS,DEL.SEC.BRAGANÇA PAULISTA,DEL.POL.TUIUTI,DEL.SEC.8º SAO MATEUS,49º D.P.  SAO MATEUS
130125,DEINTER 2 - CAMPINAS,DEL.SEC.BRAGANÇA PAULISTA,DEL.POL.VARGEM,DEL.SEC.4º NORTE,13º D.P. CASA VERDE
130201,DEINTER 1 - SAO JOSE DOS CAMPOS,DEL.SEC.GUARATINGUETA,DEL.POL.APARECIDA,DEL.SEC.7º ITAQUERA,50º D.P.  ITAIM PAULISTA
130202,DEINTER 1 - SAO JOSE DOS CAMPOS,DEL.SEC.GUARATINGUETA,DEL.POL.CUNHA,DEL.SEC.GUARULHOS,08º D.P. GUARULHOS
130204,DEINTER 1 - SAO JOSE DOS CAMPOS,DEL.SEC.GUARATINGUETA,DEL.POL.LORENA,DEL.SEC.1º CENTRO,12º D.P. PARI
130206,DEINTER 1 - SAO JOSE DOS CAMPOS,DEL.SEC.GUARATINGUETA,DEL.POL.ROSEIRA,DEL.SEC.GUARULHOS,01º D.P. GUARULHOS
130207,DEINTER 1 - SAO JOSE DOS CAMPOS,DEL.SEC.GUARATINGUETA,01º D.P. GUARATINGUETA,DEL.SEC.5º LESTE,18º D.P.  ALTO DA MOOCA
130208,DEINTER 1 - SAO JOSE DOS CAMPOS,DEL.SEC.GUARATINGUETA,02º D.P. GUARATINGUETA,DEL.SEC.GUARULHOS,08º D.P. GUARULHOS
130209,DEINTER 1 - SAO JOSE DOS CAMPOS,DEL.SEC.GUARATINGUETA,03º D.P. GUARATINGUETA,DEL.SEC.GUARULHOS,DEL.POL.STA ISABEL
130210,DEINTER 1 - SAO JOSE DOS CAMPOS,DEL.SEC.GUARATINGUETA,DEL.POL.CACHOEIRA PAULISTA,DEL.SEC.3º OESTE,15º D.P. DR. LUC. H BEIGUELMAN
130211,DEINTER 1 - SAO JOSE DOS CAMPOS,DEL.SEC.GUARATINGUETA,01º D.P. LORENA,DEL.SEC.3º OESTE,93º D.P. JAGUARÉ
130212,DEINTER 1 - SAO JOSE DOS CAMPOS,DEL.SEC.GUARATINGUETA,02º D.P. LORENA,DEL.SEC.1º CENTRO,77º D.P. SANTA CECILIA
130214,DEINTER 1 - SAO JOSE DOS CAMPOS,DEL.SEC.GUARATINGUETA,DEL.POL.POTIM,DEL.SEC.4º NORTE,09º D.P. - CARANDIRU
130304,DEINTER 1 - SAO JOSE DOS CAMPOS,DEL.SEC.JACAREI,DEL.POL.PARAIBUNA,DEL.SEC.MOGI DAS CRUZES,DEL.POL.SALESOPOLIS
130305,DEMACRO,DEL.SEC.MOGI DAS CRUZES,DEL.POL.SALESOPOLIS,DEL.SEC.MOGI DAS CRUZES,DEL.POL.SALESOPOLIS
130306,DEINTER 1 - SAO JOSE DOS CAMPOS,DEL.SEC.JACAREI,DEL.POL.S.BRANCA,DEL.SEC.MOGI DAS CRUZES,DEL.POL.SALESOPOLIS
130310,DEINTER 1 - SAO JOSE DOS CAMPOS,DEL.SEC.S.JOSÉ DOS CAMPOS,01º D.P. S.JOSE DOS CAMPOS,DEL.SEC.3º OESTE,14º D.P. PINHEIROS
130311,DEINTER 1 - SAO JOSE DOS CAMPOS,DEL.SEC.S.JOSÉ DOS CAMPOS,02º D.P. S.JOSE DOS CAMPOS,DEL.SEC.7º ITAQUERA,64º D.P. CID.AE CARVALHO
130312,DEINTER 1 - SAO JOSE DOS CAMPOS,DEL.SEC.S.JOSÉ DOS CAMPOS,03º D.P. S.JOSE DOS CAMPOS,DEL.SEC.1º CENTRO,77º D.P. SANTA CECILIA
130313,DEINTER 1 - SAO JOSE DOS CAMPOS,DEL.SEC.S.JOSÉ DOS CAMPOS,04º D.P. S.JOSE DOS CAMPOS,DEL.SEC.4º NORTE,13º D.P. CASA VERDE
130315,DEINTER 1 - SAO JOSE DOS CAMPOS,DEL.SEC.S.JOSÉ DOS CAMPOS,05º D.P. S.JOSE DOS CAMPOS,DEL.SEC.GUARULHOS,05º D.P. GUARULHOS
130316,DEINTER 1 - SAO JOSE DOS CAMPOS,DEL.SEC.JACAREI,DEL.POL.IGARATA,DEL.SEC.GUARULHOS,DEL.POL.STA ISABEL
130317,DEINTER 1 - SAO JOSE DOS CAMPOS,DEL.SEC.S.JOSÉ DOS CAMPOS,DEL.POL.JAMBEIRO,DEL.SEC.SANTO ANDRÉ,02º D.P. SANTO ANDRÉ
130321,DEINTER 1 - SAO JOSE DOS CAMPOS,DEL.SEC.JACAREI,01º D.P. JACAREI,DEL.SEC.6º SANTO AMARO,92º D.P. P. STO ANTONIO
130322,DEINTER 1 - SAO JOSE DOS CAMPOS,DEL.SEC.JACAREI,02º D.P. JACAREI,DEL.SEC.1º CENTRO,01º D.P. SE
130323,DEINTER 1 - SAO JOSE DOS CAMPOS,DEL.SEC.S.JOSÉ DOS CAMPOS,DEL.POL.CACAPAVA,DEL.SEC.TABOÃO DA SERRA,DEL.POL.ITAPECERICA DA SERRA
130324,DEINTER 1 - SAO JOSE DOS CAMPOS,DEL.SEC.S.JOSÉ DOS CAMPOS,06º D.P. S.JOSE DOS CAMPOS,DEL.SEC.1º CENTRO,02º D.P. BOM RETIRO
130325,DEINTER 1 - SAO JOSE DOS CAMPOS,DEL.SEC.S.JOSÉ DOS CAMPOS,07º D.P. S.JOSE DOS CAMPOS,DEL.SEC.4º NORTE,90º D.P. PQ. NOVO MUNDO
130326,DEINTER 1 - SAO JOSE DOS CAMPOS,DEL.SEC.S.JOSÉ DOS CAMPOS,08º D.P. S.JOSE DOS CAMPOS,DEL.SEC.SANTO ANDRÉ,01º D.P. SANTO ANDRÉ
130407,DEINTER 1 - SAO JOSE DOS CAMPOS,DEL.SEC.TAUBATÉ,DEL.POL.S.LUIS DO PARAITINGA,DEL.SEC.1º CENTRO,03º D.P. CAMPOS ELISEOS
130409,DEINTER 1 - SAO JOSE DOS CAMPOS,DEL.SEC.TAUBATÉ,01º D.P. TAUBATE,DEL.SEC.GUARULHOS,03º D.P. GUARULHOS
130410,DEINTER 1 - SAO JOSE DOS CAMPOS,DEL.SEC.TAUBATÉ,02º D.P. TAUBATE,DEL.SEC.5º LESTE,29º D.P.  VILA PRUDENTE
130412,DEINTER 1 - SAO JOSE DOS CAMPOS,DEL.SEC.TAUBATÉ,01º D.P. PINDAMONHANGABA,DEL.SEC.4º NORTE,09º D.P. - CARANDIRU
130413,DEINTER 1 - SAO JOSE DOS CAMPOS,DEL.SEC.TAUBATÉ,02º D.P. PINDAMONHANGABA,DEL.SEC.4º NORTE,90º D.P. PQ. NOVO MUNDO
130414,DEINTER 1 - SAO JOSE DOS CAMPOS,DEL.SEC.TAUBATÉ,DEL.POL.S.ANTONIO DO PINHAL,DEL.SEC.GUARULHOS,DEL.POL.ARUJA
130415,DEINTER 1 - SAO JOSE DOS CAMPOS,DEL.SEC.TAUBATÉ,DEL.POL.CAMPOS DO JORDÃO,DEL.SEC.1º CENTRO,12º D.P. PARI
130416,DEINTER 1 - SAO JOSE DOS CAMPOS,DEL.SEC.TAUBATÉ,DEL.POL.S.BENTO DO SAPUCAI,DEL.SEC.GUARULHOS,DEL.POL.ARUJA
130417,DEINTER 1 - SAO JOSE DOS CAMPOS,DEL.SEC.TAUBATÉ,03º D.P. TAUBATE,DEL.SEC.1º CENTRO,77º D.P. SANTA CECILIA
130418,DEINTER 1 - SAO JOSE DOS CAMPOS,DEL.SEC.TAUBATÉ,04º D.P. TAUBATE,DEL.SEC.5º LESTE,42º D.P.  PARQUE S. LUCAS
130425,DEINTER 1 - SAO JOSE DOS CAMPOS,DEL.SEC.TAUBATÉ,DEL.DEF.MUL. PINDAMONHANGABA,DEL.SEC.6º SANTO AMARO,85º D.P. JARDIM MIRNA
130426,DEINTER 1 - SAO JOSE DOS CAMPOS,DEL.SEC.TAUBATÉ,03º D.P. PINDAMONHANGABA,DEL.SEC.GUARULHOS,DEL.POL.ARUJA
130500,DEINTER 1 - SAO JOSE DOS CAMPOS,DEL.SEC.JACAREI,DEL.SEC.JACAREI,DEL.SEC.GUARULHOS,DEL.POL.ARUJA
130501,DEINTER 1 - SAO JOSE DOS CAMPOS,DEL.SEC.JACAREI,03º D.P. JACAREI,DEL.SEC.7º ITAQUERA,65º D.P. ARTUR ALVIM
130502,DEINTER 1 - SAO JOSE DOS CAMPOS,DEL.SEC.JACAREI,DISE- DEL.SEC.JACAREI,DEL.SEC.SANTO ANDRÉ,01º D.P. MAUA
130503,DEINTER 1 - SAO JOSE DOS CAMPOS,DEL.SEC.JACAREI,DEL.DEF.MUL. JACAREI,DEL.SEC.8º SAO MATEUS,54º D.P.  CID. TIRADENTES
130514,DEINTER 1 - SAO JOSE DOS CAMPOS,DEL.SEC.GUARATINGUETA,DEL.SEC.GUARATINGUETA PLANTÃO,DEL.SEC.2º SUL,36º D.P.  VILA MARIANA
130515,DEINTER 1 - SAO JOSE DOS CAMPOS,DEL.SEC.JACAREI,DEL.SEC.JACAREI PLANTÃO,DEL.SEC.MOGI DAS CRUZES,DEL.POL.GUARAREMA
130516,DEINTER 1 - SAO JOSE DOS CAMPOS,DEL.SEC.TAUBATÉ,DEL.SEC.TAUBATE PLANTÃO,DEL.SEC.S.BERNARDO DO CAMPO,01º D.P. S.CAETANO DO SUL
130517,DEINTER 1 - SAO JOSE DOS CAMPOS,DEL.SEC.TAUBATÉ,DEL.POL.PLANTÃO PINDA,DEL.SEC.2º SUL,96º D.P. MONÇÕES
131101,PRODESP,DECADE-DEPTO.CAP.DEL.ESP,01º DEL.VIG. E CAPTURAS,DEL.SEC.5º LESTE,56º D.P.  VILA ALPINA
131102,PRODESP,DECADE-DEPTO.CAP.DEL.ESP,02º DEL.VIG. E CAPTURAS,DEL.SEC.2º SUL,35º D.P.  JABAQUARA
131104,PRODESP,DECADE-DEPTO.CAP.DEL.ESP,04º  DEL.BUSCA A.ADOLESCENT,DEL.SEC.2º SUL,96º D.P. MONÇÕES
131105,PRODESP,DECADE-DEPTO.CAP.DEL.ESP,DEL.INV.PROD.CONTROLADOS-DPCRD,DEL.SEC.8º SAO MATEUS,53º D.P.  PARQUE DO CARMO
140206,DEIC,DISCCPAT - DIV. INV.CRIMES C. PATRIMÔNIO,DEIC-4ª DELEGACIA DA DISCCPAT,DEL.SEC.1º CENTRO,77º D.P. SANTA CECILIA
140208,DEIC,DISCCPAT - DIV. INV.CRIMES C. PATRIMÔNIO,DEIC-3ª DELEGACIA DA DISCCPAT,DEL.SEC.FRANCO DA ROCHA,DEL.POL.CAJAMAR
140209,DEIC,DISCCPAT - DIV. INV.CRIMES C. PATRIMÔNIO,DEIC-1ª DELEGACIA DA DISCCPAT,DEL.SEC.1º CENTRO,77º D.P. SANTA CECILIA
140211,DEIC,DISCCPAT - DIV. INV.CRIMES C. PATRIMÔNIO,DEIC-2ª DELEGACIA DA DISCCPAT,DEL.SEC.S.BERNARDO DO CAMPO,05º D.P. S.BERNARDO DO CAMPO
140215,DEIC,DISCCPAT - DIV. INV.CRIMES C. PATRIMÔNIO,DEIC-6ª DEL.P.I.F.C.L.DINHEIRO,DEL.SEC.8º SAO MATEUS,54º D.P.  CID. TIRADENTES
140521,DEIC,DIG-DIVISÃO INVESTIGAÇÕES GERAIS-DEIC,DEIC - 1ª DELEGACIA DA DIG,DEL.SEC.4º NORTE,13º D.P. CASA VERDE
140522,DEIC,DIG-DIVISÃO INVESTIGAÇÕES GERAIS-DEIC,DEIC-3ª DEL DIG-FRAUDES FINAN,DEL.SEC.CARAPICUIBA,02º D.P. BARUERI
140523,DEIC,DIG-DIVISÃO INVESTIGAÇÕES GERAIS-DEIC,DEIC-2ª DEL DIG-ESTEL CRI FE P,DEL.SEC.4º NORTE,13º D.P. CASA VERDE
140524,DEIC,DIG-DIVISÃO INVESTIGAÇÕES GERAIS-DEIC,DEIC - 4ª DELEGACIA DA DIG,DEL.SEC.1º CENTRO,03º D.P. CAMPOS ELISEOS
140701,DEIC,DISCCPAT - DIV. INV.CRIMES C. PATRIMÔNIO,DEIC-5ª DELEGACIA DA DISCCPAT,DEL.SEC.S.BERNARDO DO CAMPO,08º D.P. S.BERNARDO DO CAMPO
140901,DEIC,"DIVECAR-DIV.INV.S/FURTO,R.R.VEIC.E CARGA",DEIC - 1ª DELEGACIA DA DIVECAR,DEL.SEC.8º SAO MATEUS,53º D.P.  PARQUE DO CARMO
140902,DEIC,"DIVECAR-DIV.INV.S/FURTO,R.R.VEIC.E CARGA",DEIC - 2ª DELEGACIA DA DIVECAR,DEL.SEC.5º LESTE,10º D.P. PENHA DE FRANCA
140903,DEIC,"DIVECAR-DIV.INV.S/FURTO,R.R.VEIC.E CARGA",DEIC - 3ª DELEGACIA DA DIVECAR,DEL.SEC.7º ITAQUERA,50º D.P.  ITAIM PAULISTA
140904,DEIC,"DIVECAR-DIV.INV.S/FURTO,R.R.VEIC.E CARGA",DEIC - 4ª DELEGACIA DA DIVECAR,DEL.SEC.6º SANTO AMARO,47º D.P.  CAPAO REDONDO
170410,PRODESP,POLICIA MILITAR,POLICIA MILITAR,DEL.SEC.3º OESTE,23º D.P.  PERDIZES
180401,DPPC- DEP.POL.PROT A CIDADANIA,DPPC-DEP.POL.PROT.A CIDADANIA,01º DEL.CRIME C/FAZENDA,DEL.SEC.2º SUL,16º D.P. VILA CLEMENTINO
180402,DPPC- DEP.POL.PROT A CIDADANIA,DPPC-DEP.POL.PROT.A CIDADANIA,02º DEL.CRIME C/FAZENDA,DEL.SEC.2º SUL,16º D.P. VILA CLEMENTINO
180403,DPPC- DEP.POL.PROT A CIDADANIA,DPPC-DEP.POL.PROT.A CIDADANIA,03º DEL.CRIME C/FAZENDA,DEL.SEC.2º SUL,16º D.P. VILA CLEMENTINO
200100,DHPP,DHPP - DEP. HOM. PROTECAO PESSOA,DHPP DIV. HOMICIDIOS,DEL.SEC.4º NORTE,74º D.P. PARADA TAIPAS
200110,DHPP,DHPP - DEP. HOM. PROTECAO PESSOA,DHPP - DECRADI,DEL.SEC.3º OESTE,23º D.P.  PERDIZES
200111,DHPP,DHPP - DEP. HOM. PROTECAO PESSOA,DHPP 01ª DEL. PROT. PESSOA,DEL.SEC.1º CENTRO,03º D.P. CAMPOS ELISEOS
200221,DHPP,DHPP - DEP. HOM. PROTECAO PESSOA,DHPP - DRADE,DEL.SEC.3º OESTE,34º D.P.  MORUMBI
200601,DHPP,DHPP - DEP. HOM. PROTECAO PESSOA,DHPP - 1A. DELEGACIA DA D.A.S.,DEL.SEC.4º NORTE,28º D.P.  FREGUESIA DO O
200603,DHPP,DHPP - DEP. HOM. PROTECAO PESSOA,DHPP - 3A. DELEGACIA DA D.A.S.,DEL.SEC.1º CENTRO,77º D.P. SANTA CECILIA
200604,DHPP,DHPP - DEP. HOM. PROTECAO PESSOA,DHPP - 4A. DELEGACIA DA D.A.S.,DEL.SEC.1º CENTRO,03º D.P. CAMPOS ELISEOS
210101,DENARC - DEPTO INV. SOBRE NARCOTICOS,DENARC -DEPTO EST PREV REPR NARCOTRÁFICO,01º DELEGACIA DA DISE - DENARC,DEL.SEC.6º SANTO AMARO,47º D.P.  CAPAO REDONDO
210102,DENARC - DEPTO INV. SOBRE NARCOTICOS,DENARC -DEPTO EST PREV REPR NARCOTRÁFICO,02º DELEGACIA DA DISE - DENARC,DEL.SEC.2º SUL,27º D.P.  IBIRAPUERA
210103,DENARC - DEPTO INV. SOBRE NARCOTICOS,DENARC -DEPTO EST PREV REPR NARCOTRÁFICO,03º DELEGACIA DA DISE - DENARC,DEL.SEC.3º OESTE,14º D.P. PINHEIROS
210104,DENARC - DEPTO INV. SOBRE NARCOTICOS,DENARC -DEPTO EST PREV REPR NARCOTRÁFICO,04º DELEGACIA DA DISE - DENARC,DEL.SEC.1º CENTRO,03º D.P. CAMPOS ELISEOS
210105,DENARC - DEPTO INV. SOBRE NARCOTICOS,DENARC -DEPTO EST PREV REPR NARCOTRÁFICO,05º DELEGACIA DA DISE - DENARC,DEL.SEC.1º CENTRO,06º D.P. CAMBUCI
210106,DENARC - DEPTO INV. SOBRE NARCOTICOS,DENARC -DEPTO EST PREV REPR NARCOTRÁFICO,06º DELEGACIA DA DISE - DENARC,DEL.SEC.7º ITAQUERA,64º D.P. CID.AE CARVALHO
220101,DEINTER 3 - RIBEIRAO PRETO,DEL.SEC.BEBEDOURO,01º D.P. BEBEDOURO,DEL.SEC.GUARULHOS,08º D.P. GUARULHOS
240001,DEINTER 9 - PIRACICABA,DEL.SEC.PIRACICABA,DEL.INV.GER. PIRACICABA,DEL.SEC.3º OESTE,23º D.P.  PERDIZES
270101,DEMACRO,DEL.SEC.TABOÃO DA SERRA,DEL.DEF.MUL. TABOAO DA SERRA,DEL.SEC.TABOÃO DA SERRA,02º D.P. TABOÃO DA SERRA
270102,DEMACRO,DEL.SEC.TABOÃO DA SERRA,DISE- DEL.SEC.TABOAO SERRA,DEL.SEC.TABOÃO DA SERRA,01º D.P. EMBU DAS ARTES
270103,DEMACRO,DEL.SEC.TABOÃO DA SERRA,DEL.POL.S.LOURENÇO DA SERRA,DEL.SEC.TABOÃO DA SERRA,DEL.POL.S.LOURENÇO DA SERRA
270104,DEMACRO,DEL.SEC.TABOÃO DA SERRA,DEL.INV.M.AMB.TABOAO SERRA,DEL.SEC.TABOÃO DA SERRA,02º D.P. TABOÃO DA SERRA
270105,DEMACRO,DEL.SEC.TABOÃO DA SERRA,DEL.PROTECAO IDOSO TAB.SERRA,DEL.SEC.TABOÃO DA SERRA,DEL.POL.EMBU DAS ARTES
270107,DEMACRO,DEL.SEC.TABOÃO DA SERRA,DEL.DEF.MUL. EMBU DAS ARTES,DEL.SEC.TABOÃO DA SERRA,01º D.P. EMBU DAS ARTES
270109,DEMACRO,DEL.SEC.TABOÃO DA SERRA,SETOR HOM.SEC. TABOAO DA SERRA,DEL.SEC.2º SUL,96º D.P. MONÇÕES
270111,DEMACRO,DEL.SEC.TABOÃO DA SERRA,SIG DEL.SEC.TABOÃO DA SERRA,DEL.SEC.TABOÃO DA SERRA,01º D.P. TABOÃO DA SERRA
280101,DEMACRO,DEL.SEC.S.BERNARDO DO CAMPO,DEL.DEF.MUL. S. BERNARDO CPO,DEL.SEC.S.BERNARDO DO CAMPO,06º D.P. S.BERNARDO DO CAMPO
280102,DEMACRO,DEL.SEC.S.BERNARDO DO CAMPO,DISE- DEL.SEC.S.BERNARDO CPO,DEL.SEC.SANTO ANDRÉ,06º D.P. SANTO ANDRÉ
280103,DEMACRO,DEL.SEC.S.BERNARDO DO CAMPO,DEL.INV.M.AMB.S.BERNARDO CPO,DEL.SEC.S.BERNARDO DO CAMPO,03º D.P. S.BERNARDO DO CAMPO
280104,DEMACRO,DEL.SEC.S.BERNARDO DO CAMPO,DEL.PROTECAO IDOSO S.BERNARDO,DEL.SEC.S.BERNARDO DO CAMPO,03º D.P. S.BERNARDO DO CAMPO
280106,DEMACRO,DEL.SEC.S.BERNARDO DO CAMPO,SETOR HOM.SEC. S.BERNARDO CPO,DEL.SEC.S.BERNARDO DO CAMPO,03º D.P. S.BERNARDO DO CAMPO
280201,DEMACRO,DEL.SEC.SANTO ANDRÉ,DEL.DEF.MUL. SANTO ANDRÉ,DEL.SEC.SANTO ANDRÉ,03º D.P. SANTO ANDRÉ
280202,DEMACRO,DEL.SEC.SANTO ANDRÉ,DISE- DEL.SEC.SANTO ANDRE,DEL.SEC.8º SAO MATEUS,55º D.P.  PARQUE S.RAFAEL
280203,DEMACRO,DEL.SEC.SANTO ANDRÉ,SETOR HOM.SEC. SANTO ANDRE,DEL.SEC.SANTO ANDRÉ,06º D.P. SANTO ANDRÉ
280204,DEMACRO,DEL.SEC.SANTO ANDRÉ,DEL.INV.M.AMB.SANTO ANDRÉ,DEL.SEC.2º SUL,97º D.P. AMERICANOPOLIS
280205,DEMACRO,DEL.SEC.SANTO ANDRÉ,DEL.PROTECAO IDOSO SANTO ANDRÉ,DEL.SEC.SANTO ANDRÉ,06º D.P. SANTO ANDRÉ
280206,DEMACRO,DEL.SEC.SANTO ANDRÉ,04º D.P. MAUA,DEL.SEC.SANTO ANDRÉ,04º D.P. MAUA
280208,DEMACRO,DEL.SEC.SANTO ANDRÉ,DEL.DEF.MUL. MAUA,DEL.SEC.SANTO ANDRÉ,01º D.P. MAUA
280300,DEMACRO,DEL.SEC.DIADEMA,DEL.SEC.DIADEMA,DEL.SEC.DIADEMA,02º D.P. DIADEMA
280301,DEMACRO,DEL.SEC.DIADEMA,DISE- DEL.SEC.DIADEMA,DEL.SEC.DIADEMA,03º D.P. DIADEMA
280303,DEMACRO,DEL.SEC.DIADEMA,DEL.PROTECAO IDOSO DIADEMA,DEL.SEC.DIADEMA,04º D.P. DIADEMA
280305,DEMACRO,DEL.SEC.DIADEMA,SIG DEL.SEC.DIADEMA,DEL.SEC.DIADEMA,01º D.P. DIADEMA
280306,DEMACRO,DEL.SEC.DIADEMA,SETOR HOM.SEC. DIADEMA,DEL.SEC.DIADEMA,01º D.P. DIADEMA
280309,DEMACRO,DEL.SEC.DIADEMA,DICMA-DEL MEIO AMB. DIADEMA,DEL.SEC.SANTO ANDRÉ,04º D.P. SANTO ANDRÉ
280401,DEMACRO,DEL.SEC.CARAPICUIBA,DISE- DEL.SEC.CARAPICUIBA,DEL.SEC.CARAPICUIBA,02º D.P. CARAPICUIBA
280403,DEMACRO,DEL.SEC.CARAPICUIBA,DEL.PROTECAO IDOSO CARAPICUIBA,DEL.SEC.CARAPICUIBA,01º D.P. BARUERI
280404,DEMACRO,DEL.SEC.CARAPICUIBA,DEL.INV.M.AMB.CARAPICUIBA,DEL.SEC.CARAPICUIBA,DEL.POL.BARUERI
280405,DEMACRO,DEL.SEC.CARAPICUIBA,SETOR  HOM.SEC. CARAPICUIBA,DEL.SEC.CARAPICUIBA,DEL.POL.BARUERI
280500,DEMACRO,DEL.SEC.FRANCO DA ROCHA,DEL.SEC.FRANCO DA ROCHA,DEL.SEC.FRANCO DA ROCHA,DEL.SEC.FRANCO DA ROCHA
280501,DEMACRO,DEL.SEC.FRANCO DA ROCHA,DISE- DEL.SEC.FRANCO DA ROCHA,DEL.SEC.FRANCO DA ROCHA,DEL.POL.FRANCISCO MORATO
280504,DEMACRO,DEL.SEC.FRANCO DA ROCHA,DEL.INV.M.AMB.FRANCO DA ROCHA,DEL.SEC.FRANCO DA ROCHA,DEL.POL.CAIEIRAS
280505,DEMACRO,DEL.SEC.CARAPICUIBA,SIG DEL.SEC.CARAPICUIBA,DEL.SEC.CARAPICUIBA,DEL.POL.BARUERI
310101,DEINTER 6 - SANTOS,DEL.SEC.JACUPIRANGA,DEL.POL.CAJATI,DEL.SEC.4º NORTE,09º D.P. - CARANDIRU
500070,DECAP,DEL.SEC.7º ITAQUERA,DEL.SEC.7ª ITAQUERA,DEL.SEC.7º ITAQUERA,67º D.P. JARDIM ROBRU
500071,DECAP,DEL.SEC.7º ITAQUERA,DEL.PROTECAO IDOSO- 7ª SEC.,DEL.SEC.7º ITAQUERA,62º D.P. ERMELINO MATARAZZO
500080,DECAP,DEL.SEC.8º SAO MATEUS,DEL.SEC.8ª SÃO MATEUS,DEL.SEC.8º SAO MATEUS,70º D.P. VILA EMA
500081,DECAP,DEL.SEC.8º SAO MATEUS,08ª DEL.DEF.MUL. SAO MATEUS,DEL.SEC.5º LESTE,58º D.P. VILA FORMOSA
500082,DECAP,DEL.SEC.8º SAO MATEUS,DEL.PROTECAO IDOSO- 8ª SEC.,DEL.SEC.8º SAO MATEUS,49º D.P.  SAO MATEUS
700359,DEINTER 9 - PIRACICABA,DEL.SEC.AMERICANA,02º D.P. HORTOLÂNDIA,DEL.SEC.FRANCO DA ROCHA,DEL.POL.FRANCISCO MORATO
804229,DEINTER 4 - BAURU,DEL.SEC.TUPÃ,CENTRAL POL.JUDICIÁRIA-TUPÃ,DEL.SEC.1º CENTRO,12º D.P. PARI
900020,DIPOL - DEPTO DE INTELIGENCIA,DELEGACIA ELETRONICA,DELEGACIA ELETRONICA,DEL.SEC.OSASCO,05º D.P. OSASCO
900441,DIRD - DEPTO IDENT.REG.DIV,DIV.POL.PORTO/AERO/PROT.TURIS-DECADE,05ª DEL.POL.PORTO DE SANTOS,DEL.SEC.1º CENTRO,04º D.P. CONSOLAÇÃO
900801,DPPC- DEP.POL.PROT A CIDADANIA,DPPC-DEP.POL.PROT.A CIDADANIA,DPPC-DEP.POL.PROT.CID.PLANTÃO,DEL.SEC.1º CENTRO,77º D.P. SANTA CECILIA
900811,DPPC- DEP.POL.PROT A CIDADANIA,DPPC-DEP.POL.PROT.A CIDADANIA,DIICC - 01ª DEL.POL.,DEL.SEC.3º OESTE,34º D.P.  MORUMBI
900812,DPPC- DEP.POL.PROT A CIDADANIA,DPPC-DEP.POL.PROT.A CIDADANIA,DIICC - 02ª DEL.POL.,DEL.SEC.1º CENTRO,77º D.P. SANTA CECILIA
900821,DPPC- DEP.POL.PROT A CIDADANIA,DPPC-DEP.POL.PROT.A CIDADANIA,DIISP - 01ª DEL.POL.,DEL.SEC.3º OESTE,87º D.P. V. P. BARRETO
900822,DPPC- DEP.POL.PROT A CIDADANIA,DPPC-DEP.POL.PROT.A CIDADANIA,DIISP - 02ª DEL.POL.,DEL.SEC.1º CENTRO,03º D.P. CAMPOS ELISEOS
900831,DPPC- DEP.POL.PROT A CIDADANIA,DPPC-DEP.POL.PROT.A CIDADANIA,DIIMA - 01ª DEL.POL.,DEL.SEC.4º NORTE,19º D.P.  VILA MARIA
900832,DPPC- DEP.POL.PROT A CIDADANIA,DPPC-DEP.POL.PROT.A CIDADANIA,DIIMA - 02ª DEL.POL.,DEL.SEC.6º SANTO AMARO,85º D.P. JARDIM MIRNA
900841,DPPC- DEP.POL.PROT A CIDADANIA,DPPC-DEP.POL.PROT.A CIDADANIA,DICCA - 01ª DEL.POL.,DEL.SEC.SANTO ANDRÉ,01º D.P. SANTO ANDRÉ
900842,DPPC- DEP.POL.PROT A CIDADANIA,DPPC-DEP.POL.PROT.A CIDADANIA,DICCA - 02ª DEL.POL.,DEL.SEC.1º CENTRO,03º D.P. CAMPOS ELISEOS
990002,SECRETARIA DA SEGURANÇA PUBLICA,SECRETARIA DA SEGURANÇA PUBLICA,ASSESSORIA POL.CIV. TJ-SP,DEL.SEC.2º SUL,36º D.P.  VILA MARIANA
990900,DECAP,DEL.SEC.1º CENTRO,DEL.POL.PESSOA COM DEFICIENC.,DEL.SEC.2º SUL,16º D.P. VILA CLEMENTINO
